DMU	The national database for marine data (MADS)		Isabel Calabuig	http://danbif.au.dk/ipt/archive.do?r=ds21	ICalabuig@snm.ku.dk	http://danbif.au.dk/ipt/eml.do?r=ds21	GBIF Data Sharing Agreement is applied.  GBIF Data Use Agreement is applied.	7a47414c-f762-11e1-a439-00145eb45e9a	1a127d84-5508-4307-be4b-04e0b71eb113			no migrator	FishNet,VertNet	Denmark	Danish Centre for Environment and Energy		Mon Apr 28 00:00:00 UTC 2014	http://danbif.au.dk/ipt/resource.do?r=ds21	http://danbif.au.dk/ipt/resource.do?r=ds21	urn:catalog:DMU:MADS:00005143									00005143	Europe			Denmark				17	55.866699	12.750000													ITIS ScientificName																									4										Ven													4		urn:catalog:DMU:MADS:00005143											DMU																			1979		2010-04-14 22:00:00.0									21	DMU	MADS			HumanObservation												Cryptomonas								Animalia	Cryptophycophyta	Cryptophyceae	Cryptomonadales													
DMU	The national database for marine data (MADS)		Isabel Calabuig	http://danbif.au.dk/ipt/archive.do?r=ds21	ICalabuig@snm.ku.dk	http://danbif.au.dk/ipt/eml.do?r=ds21	GBIF Data Sharing Agreement is applied.  GBIF Data Use Agreement is applied.	7a47414c-f762-11e1-a439-00145eb45e9a	1a127d84-5508-4307-be4b-04e0b71eb113			no migrator	FishNet,VertNet	Denmark	Danish Centre for Environment and Energy		Mon Apr 28 00:00:00 UTC 2014	http://danbif.au.dk/ipt/resource.do?r=ds21	http://danbif.au.dk/ipt/resource.do?r=ds21	urn:catalog:DMU:MADS:00005145									00005145	Europe			Denmark				17	55.866699	12.750000													ITIS ScientificName																									1										Ven													4		urn:catalog:DMU:MADS:00005145											DMU																			1979		2010-04-14 22:00:00.0									21	DMU	MADS			HumanObservation												Ebria tripartita								Animalia	Chrysophyta	Chrysophyceae	Dictyochales													
DMU	The national database for marine data (MADS)		Isabel Calabuig	http://danbif.au.dk/ipt/archive.do?r=ds21	ICalabuig@snm.ku.dk	http://danbif.au.dk/ipt/eml.do?r=ds21	GBIF Data Sharing Agreement is applied.  GBIF Data Use Agreement is applied.	7a47414c-f762-11e1-a439-00145eb45e9a	1a127d84-5508-4307-be4b-04e0b71eb113			no migrator	FishNet,VertNet	Denmark	Danish Centre for Environment and Energy		Mon Apr 28 00:00:00 UTC 2014	http://danbif.au.dk/ipt/resource.do?r=ds21	http://danbif.au.dk/ipt/resource.do?r=ds21	urn:catalog:DMU:MADS:00005146									00005146	Europe			Denmark				17	55.866699	12.750000													ITIS ScientificName																									2										Ven													4		urn:catalog:DMU:MADS:00005146											DMU																			1979		2010-04-14 22:00:00.0									21	DMU	MADS			HumanObservation												Protoperidinium pellucidum								Animalia	Pyrrophycophyta	Dinophyceae	Peridiniales													
DMU	The national database for marine data (MADS)		Isabel Calabuig	http://danbif.au.dk/ipt/archive.do?r=ds21	ICalabuig@snm.ku.dk	http://danbif.au.dk/ipt/eml.do?r=ds21	GBIF Data Sharing Agreement is applied.  GBIF Data Use Agreement is applied.	7a47414c-f762-11e1-a439-00145eb45e9a	1a127d84-5508-4307-be4b-04e0b71eb113			no migrator	FishNet,VertNet	Denmark	Danish Centre for Environment and Energy		Mon Apr 28 00:00:00 UTC 2014	http://danbif.au.dk/ipt/resource.do?r=ds21	http://danbif.au.dk/ipt/resource.do?r=ds21	urn:catalog:DMU:MADS:00005147									00005147	Europe			Denmark				17	55.866699	12.750000													ITIS ScientificName																									5										Ven													4		urn:catalog:DMU:MADS:00005147											DMU																			1979		2010-04-14 22:00:00.0									21	DMU	MADS			HumanObservation												Dinobryon								Animalia	Chrysophyta	Chrysophyceae	Ochromonadales													
DMU	The national database for marine data (MADS)		Isabel Calabuig	http://danbif.au.dk/ipt/archive.do?r=ds21	ICalabuig@snm.ku.dk	http://danbif.au.dk/ipt/eml.do?r=ds21	GBIF Data Sharing Agreement is applied.  GBIF Data Use Agreement is applied.	7a47414c-f762-11e1-a439-00145eb45e9a	1a127d84-5508-4307-be4b-04e0b71eb113			no migrator	FishNet,VertNet	Denmark	Danish Centre for Environment and Energy		Mon Apr 28 00:00:00 UTC 2014	http://danbif.au.dk/ipt/resource.do?r=ds21	http://danbif.au.dk/ipt/resource.do?r=ds21	urn:catalog:DMU:MADS:00005148									00005148	Europe			Denmark				17	55.866699	12.750000													ITIS ScientificName																									111										Ven													4		urn:catalog:DMU:MADS:00005148											DMU																			1979		2010-04-14 22:00:00.0									21	DMU	MADS			HumanObservation												Achnanthes taeniata								Animalia	Bacillariophyta	Bacillariophyceae	Achnanthales													
DMU	The national database for marine data (MADS)		Isabel Calabuig	http://danbif.au.dk/ipt/archive.do?r=ds21	ICalabuig@snm.ku.dk	http://danbif.au.dk/ipt/eml.do?r=ds21	GBIF Data Sharing Agreement is applied.  GBIF Data Use Agreement is applied.	7a47414c-f762-11e1-a439-00145eb45e9a	1a127d84-5508-4307-be4b-04e0b71eb113			no migrator	FishNet,VertNet	Denmark	Danish Centre for Environment and Energy		Mon Apr 28 00:00:00 UTC 2014	http://danbif.au.dk/ipt/resource.do?r=ds21	http://danbif.au.dk/ipt/resource.do?r=ds21	urn:catalog:DMU:MADS:00005149									00005149	Europe			Denmark				17	55.866699	12.750000													ITIS ScientificName																									62										Ven													4		urn:catalog:DMU:MADS:00005149											DMU																			1979		2010-04-14 22:00:00.0									21	DMU	MADS			HumanObservation												Chaetoceros debilis								Animalia	Bacillariophyta	Coscinodiscophyceae	Chaetocerotales													
DMU	The national database for marine data (MADS)		Isabel Calabuig	http://danbif.au.dk/ipt/archive.do?r=ds21	ICalabuig@snm.ku.dk	http://danbif.au.dk/ipt/eml.do?r=ds21	GBIF Data Sharing Agreement is applied.  GBIF Data Use Agreement is applied.	7a47414c-f762-11e1-a439-00145eb45e9a	1a127d84-5508-4307-be4b-04e0b71eb113			no migrator	FishNet,VertNet	Denmark	Danish Centre for Environment and Energy		Mon Apr 28 00:00:00 UTC 2014	http://danbif.au.dk/ipt/resource.do?r=ds21	http://danbif.au.dk/ipt/resource.do?r=ds21	urn:catalog:DMU:MADS:00005150									00005150	Europe			Denmark				17	55.866699	12.750000													ITIS ScientificName																									18										Ven													4		urn:catalog:DMU:MADS:00005150											DMU																			1979		2010-04-14 22:00:00.0									21	DMU	MADS			HumanObservation												Chaetoceros septentrionalis								Animalia	Bacillariophyta	Coscinodiscophyceae	Chaetocerotales													
DMU	The national database for marine data (MADS)		Isabel Calabuig	http://danbif.au.dk/ipt/archive.do?r=ds21	ICalabuig@snm.ku.dk	http://danbif.au.dk/ipt/eml.do?r=ds21	GBIF Data Sharing Agreement is applied.  GBIF Data Use Agreement is applied.	7a47414c-f762-11e1-a439-00145eb45e9a	1a127d84-5508-4307-be4b-04e0b71eb113			no migrator	FishNet,VertNet	Denmark	Danish Centre for Environment and Energy		Mon Apr 28 00:00:00 UTC 2014	http://danbif.au.dk/ipt/resource.do?r=ds21	http://danbif.au.dk/ipt/resource.do?r=ds21	urn:catalog:DMU:MADS:00005151									00005151	Europe			Denmark				17	55.866699	12.750000													ITIS ScientificName																									376										Ven													4		urn:catalog:DMU:MADS:00005151											DMU																			1979		2010-04-14 22:00:00.0									21	DMU	MADS			HumanObservation												Detonula confervacea								Animalia	Bacillariophyta	Coscinodiscophyceae	Thalassiosirales													
DMU	The national database for marine data (MADS)		Isabel Calabuig	http://danbif.au.dk/ipt/archive.do?r=ds21	ICalabuig@snm.ku.dk	http://danbif.au.dk/ipt/eml.do?r=ds21	GBIF Data Sharing Agreement is applied.  GBIF Data Use Agreement is applied.	7a47414c-f762-11e1-a439-00145eb45e9a	1a127d84-5508-4307-be4b-04e0b71eb113			no migrator	FishNet,VertNet	Denmark	Danish Centre for Environment and Energy		Mon Apr 28 00:00:00 UTC 2014	http://danbif.au.dk/ipt/resource.do?r=ds21	http://danbif.au.dk/ipt/resource.do?r=ds21	urn:catalog:DMU:MADS:00005152									00005152	Europe			Denmark				17	55.866699	12.750000													ITIS ScientificName																									6										Ven													4		urn:catalog:DMU:MADS:00005152											DMU																			1979		2010-04-14 22:00:00.0									21	DMU	MADS			HumanObservation												Leptocylindrus danicus								Animalia	Bacillariophyta	Coscinodiscophyceae	Leptocylindrales													
DMU	The national database for marine data (MADS)		Isabel Calabuig	http://danbif.au.dk/ipt/archive.do?r=ds21	ICalabuig@snm.ku.dk	http://danbif.au.dk/ipt/eml.do?r=ds21	GBIF Data Sharing Agreement is applied.  GBIF Data Use Agreement is applied.	7a47414c-f762-11e1-a439-00145eb45e9a	1a127d84-5508-4307-be4b-04e0b71eb113			no migrator	FishNet,VertNet	Denmark	Danish Centre for Environment and Energy		Mon Apr 28 00:00:00 UTC 2014	http://danbif.au.dk/ipt/resource.do?r=ds21	http://danbif.au.dk/ipt/resource.do?r=ds21	urn:catalog:DMU:MADS:00005153									00005153	Europe			Denmark				17	55.866699	12.750000													ITIS ScientificName																									4										Ven													4		urn:catalog:DMU:MADS:00005153											DMU																			1979		2010-04-14 22:00:00.0									21	DMU	MADS			HumanObservation												Melosira arctica								Animalia	Bacillariophyta	Coscinodiscophyceae	Melosirales													
DMU	The national database for marine data (MADS)		Isabel Calabuig	http://danbif.au.dk/ipt/archive.do?r=ds21	ICalabuig@snm.ku.dk	http://danbif.au.dk/ipt/eml.do?r=ds21	GBIF Data Sharing Agreement is applied.  GBIF Data Use Agreement is applied.	7a47414c-f762-11e1-a439-00145eb45e9a	1a127d84-5508-4307-be4b-04e0b71eb113			no migrator	FishNet,VertNet	Denmark	Danish Centre for Environment and Energy		Mon Apr 28 00:00:00 UTC 2014	http://danbif.au.dk/ipt/resource.do?r=ds21	http://danbif.au.dk/ipt/resource.do?r=ds21	urn:catalog:DMU:MADS:00005154									00005154	Europe			Denmark				17	55.866699	12.750000													ITIS ScientificName																									11										Ven													4		urn:catalog:DMU:MADS:00005154											DMU																			1979		2010-04-14 22:00:00.0									21	DMU	MADS			HumanObservation												Skeletonema costatum								Animalia	Bacillariophyta	Coscinodiscophyceae	Thalassiosirales													
DMU	The national database for marine data (MADS)		Isabel Calabuig	http://danbif.au.dk/ipt/archive.do?r=ds21	ICalabuig@snm.ku.dk	http://danbif.au.dk/ipt/eml.do?r=ds21	GBIF Data Sharing Agreement is applied.  GBIF Data Use Agreement is applied.	7a47414c-f762-11e1-a439-00145eb45e9a	1a127d84-5508-4307-be4b-04e0b71eb113			no migrator	FishNet,VertNet	Denmark	Danish Centre for Environment and Energy		Mon Apr 28 00:00:00 UTC 2014	http://danbif.au.dk/ipt/resource.do?r=ds21	http://danbif.au.dk/ipt/resource.do?r=ds21	urn:catalog:DMU:MADS:00005155									00005155	Europe			Denmark				17	55.866699	12.750000													ITIS ScientificName																									3										Ven													4		urn:catalog:DMU:MADS:00005155											DMU																			1979		2010-04-14 22:00:00.0									21	DMU	MADS			HumanObservation												Thalassiosira nordenskioeldii								Animalia	Bacillariophyta	Coscinodiscophyceae	Thalassiosirales													
DMU	The national database for marine data (MADS)		Isabel Calabuig	http://danbif.au.dk/ipt/archive.do?r=ds21	ICalabuig@snm.ku.dk	http://danbif.au.dk/ipt/eml.do?r=ds21	GBIF Data Sharing Agreement is applied.  GBIF Data Use Agreement is applied.	7a47414c-f762-11e1-a439-00145eb45e9a	1a127d84-5508-4307-be4b-04e0b71eb113			no migrator	FishNet,VertNet	Denmark	Danish Centre for Environment and Energy		Mon Apr 28 00:00:00 UTC 2014	http://danbif.au.dk/ipt/resource.do?r=ds21	http://danbif.au.dk/ipt/resource.do?r=ds21	urn:catalog:DMU:MADS:00005156									00005156	Europe			Denmark				17	55.866699	12.750000													Local ScientificName																									72										Ven													4		urn:catalog:DMU:MADS:00005156											DMU																			1979		2010-04-14 22:00:00.0									21	DMU	MADS			HumanObservation												Nanoplankton, unidentified								Animalia		Nanoplankton														
DMU	The national database for marine data (MADS)		Isabel Calabuig	http://danbif.au.dk/ipt/archive.do?r=ds21	ICalabuig@snm.ku.dk	http://danbif.au.dk/ipt/eml.do?r=ds21	GBIF Data Sharing Agreement is applied.  GBIF Data Use Agreement is applied.	7a47414c-f762-11e1-a439-00145eb45e9a	1a127d84-5508-4307-be4b-04e0b71eb113			no migrator	FishNet,VertNet	Denmark	Danish Centre for Environment and Energy		Mon Apr 28 00:00:00 UTC 2014	http://danbif.au.dk/ipt/resource.do?r=ds21	http://danbif.au.dk/ipt/resource.do?r=ds21	urn:catalog:DMU:MADS:00005157									00005157	Europe			Denmark				17	55.866699	12.750000													Local ScientificName																									47										Ven													4		urn:catalog:DMU:MADS:00005157											DMU																			1979		2010-04-14 22:00:00.0									21	DMU	MADS			HumanObservation												Nanoplankton, unidentified								Animalia		Nanoplankton														
DMU	The national database for marine data (MADS)		Isabel Calabuig	http://danbif.au.dk/ipt/archive.do?r=ds21	ICalabuig@snm.ku.dk	http://danbif.au.dk/ipt/eml.do?r=ds21	GBIF Data Sharing Agreement is applied.  GBIF Data Use Agreement is applied.	7a47414c-f762-11e1-a439-00145eb45e9a	1a127d84-5508-4307-be4b-04e0b71eb113			no migrator	FishNet,VertNet	Denmark	Danish Centre for Environment and Energy		Mon Apr 28 00:00:00 UTC 2014	http://danbif.au.dk/ipt/resource.do?r=ds21	http://danbif.au.dk/ipt/resource.do?r=ds21	urn:catalog:DMU:MADS:00005158									00005158	Europe			Denmark				17	55.866699	12.750000													Local ScientificName																									16										Ven													4		urn:catalog:DMU:MADS:00005158											DMU																			1979		2010-04-14 22:00:00.0									21	DMU	MADS			HumanObservation												Nanoplankton, unidentified								Animalia		Nanoplankton														
DMU	The national database for marine data (MADS)		Isabel Calabuig	http://danbif.au.dk/ipt/archive.do?r=ds21	ICalabuig@snm.ku.dk	http://danbif.au.dk/ipt/eml.do?r=ds21	GBIF Data Sharing Agreement is applied.  GBIF Data Use Agreement is applied.	7a47414c-f762-11e1-a439-00145eb45e9a	1a127d84-5508-4307-be4b-04e0b71eb113			no migrator	FishNet,VertNet	Denmark	Danish Centre for Environment and Energy		Mon Apr 28 00:00:00 UTC 2014	http://danbif.au.dk/ipt/resource.do?r=ds21	http://danbif.au.dk/ipt/resource.do?r=ds21	urn:catalog:DMU:MADS:00005159									00005159	Europe			Denmark				18	56.099998	11.150000													ITIS ScientificName																									1										Gniben													4		urn:catalog:DMU:MADS:00005159											DMU																			1979		2010-04-14 22:00:00.0									21	DMU	MADS			HumanObservation												Heterocapsa triquetra								Animalia	Pyrrophycophyta	Dinophyceae	Peridiniales													
DMU	The national database for marine data (MADS)		Isabel Calabuig	http://danbif.au.dk/ipt/archive.do?r=ds21	ICalabuig@snm.ku.dk	http://danbif.au.dk/ipt/eml.do?r=ds21	GBIF Data Sharing Agreement is applied.  GBIF Data Use Agreement is applied.	7a47414c-f762-11e1-a439-00145eb45e9a	1a127d84-5508-4307-be4b-04e0b71eb113			no migrator	FishNet,VertNet	Denmark	Danish Centre for Environment and Energy		Mon Apr 28 00:00:00 UTC 2014	http://danbif.au.dk/ipt/resource.do?r=ds21	http://danbif.au.dk/ipt/resource.do?r=ds21	urn:catalog:DMU:MADS:00005160									00005160	Europe			Denmark				18	56.099998	11.150000													ITIS ScientificName																									1										Gniben													4		urn:catalog:DMU:MADS:00005160											DMU																			1979		2010-04-14 22:00:00.0									21	DMU	MADS			HumanObservation												Peridinium brevipes								Animalia	Pyrrophycophyta	Dinophyceae	Peridiniales													
DMU	The national database for marine data (MADS)		Isabel Calabuig	http://danbif.au.dk/ipt/archive.do?r=ds21	ICalabuig@snm.ku.dk	http://danbif.au.dk/ipt/eml.do?r=ds21	GBIF Data Sharing Agreement is applied.  GBIF Data Use Agreement is applied.	7a47414c-f762-11e1-a439-00145eb45e9a	1a127d84-5508-4307-be4b-04e0b71eb113			no migrator	FishNet,VertNet	Denmark	Danish Centre for Environment and Energy		Mon Apr 28 00:00:00 UTC 2014	http://danbif.au.dk/ipt/resource.do?r=ds21	http://danbif.au.dk/ipt/resource.do?r=ds21	urn:catalog:DMU:MADS:00005161									00005161	Europe			Denmark				18	56.099998	11.150000													ITIS ScientificName																									2										Gniben													4		urn:catalog:DMU:MADS:00005161											DMU																			1979		2010-04-14 22:00:00.0									21	DMU	MADS			HumanObservation												Peridinium granii								Animalia	Pyrrophycophyta	Dinophyceae	Peridiniales													
DMU	The national database for marine data (MADS)		Isabel Calabuig	http://danbif.au.dk/ipt/archive.do?r=ds21	ICalabuig@snm.ku.dk	http://danbif.au.dk/ipt/eml.do?r=ds21	GBIF Data Sharing Agreement is applied.  GBIF Data Use Agreement is applied.	7a47414c-f762-11e1-a439-00145eb45e9a	1a127d84-5508-4307-be4b-04e0b71eb113			no migrator	FishNet,VertNet	Denmark	Danish Centre for Environment and Energy		Mon Apr 28 00:00:00 UTC 2014	http://danbif.au.dk/ipt/resource.do?r=ds21	http://danbif.au.dk/ipt/resource.do?r=ds21	urn:catalog:DMU:MADS:00005162									00005162	Europe			Denmark				18	56.099998	11.150000													ITIS ScientificName																									2										Gniben													4		urn:catalog:DMU:MADS:00005162											DMU																			1979		2010-04-14 22:00:00.0									21	DMU	MADS			HumanObservation												Protoperidinium pellucidum								Animalia	Pyrrophycophyta	Dinophyceae	Peridiniales													
DMU	The national database for marine data (MADS)		Isabel Calabuig	http://danbif.au.dk/ipt/archive.do?r=ds21	ICalabuig@snm.ku.dk	http://danbif.au.dk/ipt/eml.do?r=ds21	GBIF Data Sharing Agreement is applied.  GBIF Data Use Agreement is applied.	7a47414c-f762-11e1-a439-00145eb45e9a	1a127d84-5508-4307-be4b-04e0b71eb113			no migrator	FishNet,VertNet	Denmark	Danish Centre for Environment and Energy		Mon Apr 28 00:00:00 UTC 2014	http://danbif.au.dk/ipt/resource.do?r=ds21	http://danbif.au.dk/ipt/resource.do?r=ds21	urn:catalog:DMU:MADS:00005163									00005163	Europe			Denmark				18	56.099998	11.150000													ITIS ScientificName																									35										Gniben													4		urn:catalog:DMU:MADS:00005163											DMU																			1979		2010-04-14 22:00:00.0									21	DMU	MADS			HumanObservation												Dinobryon								Animalia	Chrysophyta	Chrysophyceae	Ochromonadales													
DMU	The national database for marine data (MADS)		Isabel Calabuig	http://danbif.au.dk/ipt/archive.do?r=ds21	ICalabuig@snm.ku.dk	http://danbif.au.dk/ipt/eml.do?r=ds21	GBIF Data Sharing Agreement is applied.  GBIF Data Use Agreement is applied.	7a47414c-f762-11e1-a439-00145eb45e9a	1a127d84-5508-4307-be4b-04e0b71eb113			no migrator	FishNet,VertNet	Denmark	Danish Centre for Environment and Energy		Mon Apr 28 00:00:00 UTC 2014	http://danbif.au.dk/ipt/resource.do?r=ds21	http://danbif.au.dk/ipt/resource.do?r=ds21	urn:catalog:DMU:MADS:00005164									00005164	Europe			Denmark				18	56.099998	11.150000													ITIS ScientificName																									19										Gniben													4		urn:catalog:DMU:MADS:00005164											DMU																			1979		2010-04-14 22:00:00.0									21	DMU	MADS			HumanObservation												Achnanthes taeniata								Animalia	Bacillariophyta	Bacillariophyceae	Achnanthales													
DMU	The national database for marine data (MADS)		Isabel Calabuig	http://danbif.au.dk/ipt/archive.do?r=ds21	ICalabuig@snm.ku.dk	http://danbif.au.dk/ipt/eml.do?r=ds21	GBIF Data Sharing Agreement is applied.  GBIF Data Use Agreement is applied.	7a47414c-f762-11e1-a439-00145eb45e9a	1a127d84-5508-4307-be4b-04e0b71eb113			no migrator	FishNet,VertNet	Denmark	Danish Centre for Environment and Energy		Mon Apr 28 00:00:00 UTC 2014	http://danbif.au.dk/ipt/resource.do?r=ds21	http://danbif.au.dk/ipt/resource.do?r=ds21	urn:catalog:DMU:MADS:00005165									00005165	Europe			Denmark				18	56.099998	11.150000													ITIS ScientificName																									2										Gniben													4		urn:catalog:DMU:MADS:00005165											DMU																			1979		2010-04-14 22:00:00.0									21	DMU	MADS			HumanObservation												Chaetoceros debilis								Animalia	Bacillariophyta	Coscinodiscophyceae	Chaetocerotales													
DMU	The national database for marine data (MADS)		Isabel Calabuig	http://danbif.au.dk/ipt/archive.do?r=ds21	ICalabuig@snm.ku.dk	http://danbif.au.dk/ipt/eml.do?r=ds21	GBIF Data Sharing Agreement is applied.  GBIF Data Use Agreement is applied.	7a47414c-f762-11e1-a439-00145eb45e9a	1a127d84-5508-4307-be4b-04e0b71eb113			no migrator	FishNet,VertNet	Denmark	Danish Centre for Environment and Energy		Mon Apr 28 00:00:00 UTC 2014	http://danbif.au.dk/ipt/resource.do?r=ds21	http://danbif.au.dk/ipt/resource.do?r=ds21	urn:catalog:DMU:MADS:00005166									00005166	Europe			Denmark				18	56.099998	11.150000													ITIS ScientificName																									5										Gniben													4		urn:catalog:DMU:MADS:00005166											DMU																			1979		2010-04-14 22:00:00.0									21	DMU	MADS			HumanObservation												Detonula confervacea								Animalia	Bacillariophyta	Coscinodiscophyceae	Thalassiosirales													
DMU	The national database for marine data (MADS)		Isabel Calabuig	http://danbif.au.dk/ipt/archive.do?r=ds21	ICalabuig@snm.ku.dk	http://danbif.au.dk/ipt/eml.do?r=ds21	GBIF Data Sharing Agreement is applied.  GBIF Data Use Agreement is applied.	7a47414c-f762-11e1-a439-00145eb45e9a	1a127d84-5508-4307-be4b-04e0b71eb113			no migrator	FishNet,VertNet	Denmark	Danish Centre for Environment and Energy		Mon Apr 28 00:00:00 UTC 2014	http://danbif.au.dk/ipt/resource.do?r=ds21	http://danbif.au.dk/ipt/resource.do?r=ds21	urn:catalog:DMU:MADS:00005167									00005167	Europe			Denmark				18	56.099998	11.150000													ITIS ScientificName																									14										Gniben													4		urn:catalog:DMU:MADS:00005167											DMU																			1979		2010-04-14 22:00:00.0									21	DMU	MADS			HumanObservation												Leptocylindrus danicus								Animalia	Bacillariophyta	Coscinodiscophyceae	Leptocylindrales													
DMU	The national database for marine data (MADS)		Isabel Calabuig	http://danbif.au.dk/ipt/archive.do?r=ds21	ICalabuig@snm.ku.dk	http://danbif.au.dk/ipt/eml.do?r=ds21	GBIF Data Sharing Agreement is applied.  GBIF Data Use Agreement is applied.	7a47414c-f762-11e1-a439-00145eb45e9a	1a127d84-5508-4307-be4b-04e0b71eb113			no migrator	FishNet,VertNet	Denmark	Danish Centre for Environment and Energy		Mon Apr 28 00:00:00 UTC 2014	http://danbif.au.dk/ipt/resource.do?r=ds21	http://danbif.au.dk/ipt/resource.do?r=ds21	urn:catalog:DMU:MADS:00005168									00005168	Europe			Denmark				18	56.099998	11.150000													Local ScientificName																									263										Gniben													4		urn:catalog:DMU:MADS:00005168											DMU																			1979		2010-04-14 22:00:00.0									21	DMU	MADS			HumanObservation												Nanoplankton, unidentified								Animalia		Nanoplankton														
DMU	The national database for marine data (MADS)		Isabel Calabuig	http://danbif.au.dk/ipt/archive.do?r=ds21	ICalabuig@snm.ku.dk	http://danbif.au.dk/ipt/eml.do?r=ds21	GBIF Data Sharing Agreement is applied.  GBIF Data Use Agreement is applied.	7a47414c-f762-11e1-a439-00145eb45e9a	1a127d84-5508-4307-be4b-04e0b71eb113			no migrator	FishNet,VertNet	Denmark	Danish Centre for Environment and Energy		Mon Apr 28 00:00:00 UTC 2014	http://danbif.au.dk/ipt/resource.do?r=ds21	http://danbif.au.dk/ipt/resource.do?r=ds21	urn:catalog:DMU:MADS:00005169									00005169	Europe			Denmark				18	56.099998	11.150000													Local ScientificName																									355										Gniben													4		urn:catalog:DMU:MADS:00005169											DMU																			1979		2010-04-14 22:00:00.0									21	DMU	MADS			HumanObservation												Nanoplankton, unidentified								Animalia		Nanoplankton														
DMU	The national database for marine data (MADS)		Isabel Calabuig	http://danbif.au.dk/ipt/archive.do?r=ds21	ICalabuig@snm.ku.dk	http://danbif.au.dk/ipt/eml.do?r=ds21	GBIF Data Sharing Agreement is applied.  GBIF Data Use Agreement is applied.	7a47414c-f762-11e1-a439-00145eb45e9a	1a127d84-5508-4307-be4b-04e0b71eb113			no migrator	FishNet,VertNet	Denmark	Danish Centre for Environment and Energy		Mon Apr 28 00:00:00 UTC 2014	http://danbif.au.dk/ipt/resource.do?r=ds21	http://danbif.au.dk/ipt/resource.do?r=ds21	urn:catalog:DMU:MADS:00005170									00005170	Europe			Denmark				18	56.099998	11.150000													Local ScientificName																									53										Gniben													4		urn:catalog:DMU:MADS:00005170											DMU																			1979		2010-04-14 22:00:00.0									21	DMU	MADS			HumanObservation												Nanoplankton, unidentified								Animalia		Nanoplankton														
DMU	The national database for marine data (MADS)		Isabel Calabuig	http://danbif.au.dk/ipt/archive.do?r=ds21	ICalabuig@snm.ku.dk	http://danbif.au.dk/ipt/eml.do?r=ds21	GBIF Data Sharing Agreement is applied.  GBIF Data Use Agreement is applied.	7a47414c-f762-11e1-a439-00145eb45e9a	1a127d84-5508-4307-be4b-04e0b71eb113			no migrator	FishNet,VertNet	Denmark	Danish Centre for Environment and Energy		Mon Apr 28 00:00:00 UTC 2014	http://danbif.au.dk/ipt/resource.do?r=ds21	http://danbif.au.dk/ipt/resource.do?r=ds21	urn:catalog:DMU:MADS:00005171									00005171	Europe			Denmark				18	55.336700	11.033300													ITIS ScientificName																									2										Halsskov Rev													4		urn:catalog:DMU:MADS:00005171											DMU																			1979		2010-04-14 22:00:00.0									21	DMU	MADS			HumanObservation												Cryptomonas								Animalia	Cryptophycophyta	Cryptophyceae	Cryptomonadales													
DMU	The national database for marine data (MADS)		Isabel Calabuig	http://danbif.au.dk/ipt/archive.do?r=ds21	ICalabuig@snm.ku.dk	http://danbif.au.dk/ipt/eml.do?r=ds21	GBIF Data Sharing Agreement is applied.  GBIF Data Use Agreement is applied.	7a47414c-f762-11e1-a439-00145eb45e9a	1a127d84-5508-4307-be4b-04e0b71eb113			no migrator	FishNet,VertNet	Denmark	Danish Centre for Environment and Energy		Mon Apr 28 00:00:00 UTC 2014	http://danbif.au.dk/ipt/resource.do?r=ds21	http://danbif.au.dk/ipt/resource.do?r=ds21	urn:catalog:DMU:MADS:00005172									00005172	Europe			Denmark				18	55.336700	11.033300													ITIS ScientificName																									3										Halsskov Rev													4		urn:catalog:DMU:MADS:00005172											DMU																			1979		2010-04-14 22:00:00.0									21	DMU	MADS			HumanObservation												Protoperidinium pellucidum								Animalia	Pyrrophycophyta	Dinophyceae	Peridiniales													
DMU	The national database for marine data (MADS)		Isabel Calabuig	http://danbif.au.dk/ipt/archive.do?r=ds21	ICalabuig@snm.ku.dk	http://danbif.au.dk/ipt/eml.do?r=ds21	GBIF Data Sharing Agreement is applied.  GBIF Data Use Agreement is applied.	7a47414c-f762-11e1-a439-00145eb45e9a	1a127d84-5508-4307-be4b-04e0b71eb113			no migrator	FishNet,VertNet	Denmark	Danish Centre for Environment and Energy		Mon Apr 28 00:00:00 UTC 2014	http://danbif.au.dk/ipt/resource.do?r=ds21	http://danbif.au.dk/ipt/resource.do?r=ds21	urn:catalog:DMU:MADS:00005173									00005173	Europe			Denmark				18	55.336700	11.033300													ITIS ScientificName																									13										Halsskov Rev													4		urn:catalog:DMU:MADS:00005173											DMU																			1979		2010-04-14 22:00:00.0									21	DMU	MADS			HumanObservation												Dinobryon								Animalia	Chrysophyta	Chrysophyceae	Ochromonadales													
DMU	The national database for marine data (MADS)		Isabel Calabuig	http://danbif.au.dk/ipt/archive.do?r=ds21	ICalabuig@snm.ku.dk	http://danbif.au.dk/ipt/eml.do?r=ds21	GBIF Data Sharing Agreement is applied.  GBIF Data Use Agreement is applied.	7a47414c-f762-11e1-a439-00145eb45e9a	1a127d84-5508-4307-be4b-04e0b71eb113			no migrator	FishNet,VertNet	Denmark	Danish Centre for Environment and Energy		Mon Apr 28 00:00:00 UTC 2014	http://danbif.au.dk/ipt/resource.do?r=ds21	http://danbif.au.dk/ipt/resource.do?r=ds21	urn:catalog:DMU:MADS:00005174									00005174	Europe			Denmark				18	55.336700	11.033300													ITIS ScientificName																									61										Halsskov Rev													4		urn:catalog:DMU:MADS:00005174											DMU																			1979		2010-04-14 22:00:00.0									21	DMU	MADS			HumanObservation												Achnanthes taeniata								Animalia	Bacillariophyta	Bacillariophyceae	Achnanthales													
DMU	The national database for marine data (MADS)		Isabel Calabuig	http://danbif.au.dk/ipt/archive.do?r=ds21	ICalabuig@snm.ku.dk	http://danbif.au.dk/ipt/eml.do?r=ds21	GBIF Data Sharing Agreement is applied.  GBIF Data Use Agreement is applied.	7a47414c-f762-11e1-a439-00145eb45e9a	1a127d84-5508-4307-be4b-04e0b71eb113			no migrator	FishNet,VertNet	Denmark	Danish Centre for Environment and Energy		Mon Apr 28 00:00:00 UTC 2014	http://danbif.au.dk/ipt/resource.do?r=ds21	http://danbif.au.dk/ipt/resource.do?r=ds21	urn:catalog:DMU:MADS:00005175									00005175	Europe			Denmark				18	55.336700	11.033300													ITIS ScientificName																									10										Halsskov Rev													4		urn:catalog:DMU:MADS:00005175											DMU																			1979		2010-04-14 22:00:00.0									21	DMU	MADS			HumanObservation												Chaetoceros debilis								Animalia	Bacillariophyta	Coscinodiscophyceae	Chaetocerotales													
DMU	The national database for marine data (MADS)		Isabel Calabuig	http://danbif.au.dk/ipt/archive.do?r=ds21	ICalabuig@snm.ku.dk	http://danbif.au.dk/ipt/eml.do?r=ds21	GBIF Data Sharing Agreement is applied.  GBIF Data Use Agreement is applied.	7a47414c-f762-11e1-a439-00145eb45e9a	1a127d84-5508-4307-be4b-04e0b71eb113			no migrator	FishNet,VertNet	Denmark	Danish Centre for Environment and Energy		Mon Apr 28 00:00:00 UTC 2014	http://danbif.au.dk/ipt/resource.do?r=ds21	http://danbif.au.dk/ipt/resource.do?r=ds21	urn:catalog:DMU:MADS:00005176									00005176	Europe			Denmark				18	55.336700	11.033300													ITIS ScientificName																									4										Halsskov Rev													4		urn:catalog:DMU:MADS:00005176											DMU																			1979		2010-04-14 22:00:00.0									21	DMU	MADS			HumanObservation												Chaetoceros septentrionalis								Animalia	Bacillariophyta	Coscinodiscophyceae	Chaetocerotales													
DMU	The national database for marine data (MADS)		Isabel Calabuig	http://danbif.au.dk/ipt/archive.do?r=ds21	ICalabuig@snm.ku.dk	http://danbif.au.dk/ipt/eml.do?r=ds21	GBIF Data Sharing Agreement is applied.  GBIF Data Use Agreement is applied.	7a47414c-f762-11e1-a439-00145eb45e9a	1a127d84-5508-4307-be4b-04e0b71eb113			no migrator	FishNet,VertNet	Denmark	Danish Centre for Environment and Energy		Mon Apr 28 00:00:00 UTC 2014	http://danbif.au.dk/ipt/resource.do?r=ds21	http://danbif.au.dk/ipt/resource.do?r=ds21	urn:catalog:DMU:MADS:00005177									00005177	Europe			Denmark				18	55.336700	11.033300													ITIS ScientificName																									5										Halsskov Rev													4		urn:catalog:DMU:MADS:00005177											DMU																			1979		2010-04-14 22:00:00.0									21	DMU	MADS			HumanObservation												Chaetoceros subsecundus								Animalia	Bacillariophyta	Coscinodiscophyceae	Chaetocerotales													
DMU	The national database for marine data (MADS)		Isabel Calabuig	http://danbif.au.dk/ipt/archive.do?r=ds21	ICalabuig@snm.ku.dk	http://danbif.au.dk/ipt/eml.do?r=ds21	GBIF Data Sharing Agreement is applied.  GBIF Data Use Agreement is applied.	7a47414c-f762-11e1-a439-00145eb45e9a	1a127d84-5508-4307-be4b-04e0b71eb113			no migrator	FishNet,VertNet	Denmark	Danish Centre for Environment and Energy		Mon Apr 28 00:00:00 UTC 2014	http://danbif.au.dk/ipt/resource.do?r=ds21	http://danbif.au.dk/ipt/resource.do?r=ds21	urn:catalog:DMU:MADS:00005178									00005178	Europe			Denmark				18	55.336700	11.033300													ITIS ScientificName																									25										Halsskov Rev													4		urn:catalog:DMU:MADS:00005178											DMU																			1979		2010-04-14 22:00:00.0									21	DMU	MADS			HumanObservation												Detonula confervacea								Animalia	Bacillariophyta	Coscinodiscophyceae	Thalassiosirales													
DMU	The national database for marine data (MADS)		Isabel Calabuig	http://danbif.au.dk/ipt/archive.do?r=ds21	ICalabuig@snm.ku.dk	http://danbif.au.dk/ipt/eml.do?r=ds21	GBIF Data Sharing Agreement is applied.  GBIF Data Use Agreement is applied.	7a47414c-f762-11e1-a439-00145eb45e9a	1a127d84-5508-4307-be4b-04e0b71eb113			no migrator	FishNet,VertNet	Denmark	Danish Centre for Environment and Energy		Mon Apr 28 00:00:00 UTC 2014	http://danbif.au.dk/ipt/resource.do?r=ds21	http://danbif.au.dk/ipt/resource.do?r=ds21	urn:catalog:DMU:MADS:00005179									00005179	Europe			Denmark				18	55.336700	11.033300													ITIS ScientificName																									1										Halsskov Rev													4		urn:catalog:DMU:MADS:00005179											DMU																			1979		2010-04-14 22:00:00.0									21	DMU	MADS			HumanObservation												Nitzschia longissima								Animalia	Bacillariophyta	Bacillariophyceae	Bacillariales													
DMU	The national database for marine data (MADS)		Isabel Calabuig	http://danbif.au.dk/ipt/archive.do?r=ds21	ICalabuig@snm.ku.dk	http://danbif.au.dk/ipt/eml.do?r=ds21	GBIF Data Sharing Agreement is applied.  GBIF Data Use Agreement is applied.	7a47414c-f762-11e1-a439-00145eb45e9a	1a127d84-5508-4307-be4b-04e0b71eb113			no migrator	FishNet,VertNet	Denmark	Danish Centre for Environment and Energy		Mon Apr 28 00:00:00 UTC 2014	http://danbif.au.dk/ipt/resource.do?r=ds21	http://danbif.au.dk/ipt/resource.do?r=ds21	urn:catalog:DMU:MADS:00005180									00005180	Europe			Denmark				18	55.336700	11.033300													ITIS ScientificName																									6										Halsskov Rev													4		urn:catalog:DMU:MADS:00005180											DMU																			1979		2010-04-14 22:00:00.0									21	DMU	MADS			HumanObservation												Skeletonema costatum								Animalia	Bacillariophyta	Coscinodiscophyceae	Thalassiosirales													
DMU	The national database for marine data (MADS)		Isabel Calabuig	http://danbif.au.dk/ipt/archive.do?r=ds21	ICalabuig@snm.ku.dk	http://danbif.au.dk/ipt/eml.do?r=ds21	GBIF Data Sharing Agreement is applied.  GBIF Data Use Agreement is applied.	7a47414c-f762-11e1-a439-00145eb45e9a	1a127d84-5508-4307-be4b-04e0b71eb113			no migrator	FishNet,VertNet	Denmark	Danish Centre for Environment and Energy		Mon Apr 28 00:00:00 UTC 2014	http://danbif.au.dk/ipt/resource.do?r=ds21	http://danbif.au.dk/ipt/resource.do?r=ds21	urn:catalog:DMU:MADS:00005181									00005181	Europe			Denmark				18	55.336700	11.033300													ITIS ScientificName																									6										Halsskov Rev													4		urn:catalog:DMU:MADS:00005181											DMU																			1979		2010-04-14 22:00:00.0									21	DMU	MADS			HumanObservation												Thalassionema nitzschioides								Animalia	Bacillariophyta	Fragilariophyceae	Thalassionematales													
DMU	The national database for marine data (MADS)		Isabel Calabuig	http://danbif.au.dk/ipt/archive.do?r=ds21	ICalabuig@snm.ku.dk	http://danbif.au.dk/ipt/eml.do?r=ds21	GBIF Data Sharing Agreement is applied.  GBIF Data Use Agreement is applied.	7a47414c-f762-11e1-a439-00145eb45e9a	1a127d84-5508-4307-be4b-04e0b71eb113			no migrator	FishNet,VertNet	Denmark	Danish Centre for Environment and Energy		Mon Apr 28 00:00:00 UTC 2014	http://danbif.au.dk/ipt/resource.do?r=ds21	http://danbif.au.dk/ipt/resource.do?r=ds21	urn:catalog:DMU:MADS:00005182									00005182	Europe			Denmark				18	55.336700	11.033300													ITIS ScientificName																									2										Halsskov Rev													4		urn:catalog:DMU:MADS:00005182											DMU																			1979		2010-04-14 22:00:00.0									21	DMU	MADS			HumanObservation												Thalassiosira angustelineata								Animalia	Bacillariophyta	Coscinodiscophyceae	Thalassiosirales													
DMU	The national database for marine data (MADS)		Isabel Calabuig	http://danbif.au.dk/ipt/archive.do?r=ds21	ICalabuig@snm.ku.dk	http://danbif.au.dk/ipt/eml.do?r=ds21	GBIF Data Sharing Agreement is applied.  GBIF Data Use Agreement is applied.	7a47414c-f762-11e1-a439-00145eb45e9a	1a127d84-5508-4307-be4b-04e0b71eb113			no migrator	FishNet,VertNet	Denmark	Danish Centre for Environment and Energy		Mon Apr 28 00:00:00 UTC 2014	http://danbif.au.dk/ipt/resource.do?r=ds21	http://danbif.au.dk/ipt/resource.do?r=ds21	urn:catalog:DMU:MADS:00005183									00005183	Europe			Denmark				18	55.336700	11.033300													Local ScientificName																									346										Halsskov Rev													4		urn:catalog:DMU:MADS:00005183											DMU																			1979		2010-04-14 22:00:00.0									21	DMU	MADS			HumanObservation												Nanoplankton, unidentified								Animalia		Nanoplankton														
DMU	The national database for marine data (MADS)		Isabel Calabuig	http://danbif.au.dk/ipt/archive.do?r=ds21	ICalabuig@snm.ku.dk	http://danbif.au.dk/ipt/eml.do?r=ds21	GBIF Data Sharing Agreement is applied.  GBIF Data Use Agreement is applied.	7a47414c-f762-11e1-a439-00145eb45e9a	1a127d84-5508-4307-be4b-04e0b71eb113			no migrator	FishNet,VertNet	Denmark	Danish Centre for Environment and Energy		Mon Apr 28 00:00:00 UTC 2014	http://danbif.au.dk/ipt/resource.do?r=ds21	http://danbif.au.dk/ipt/resource.do?r=ds21	urn:catalog:DMU:MADS:00005184									00005184	Europe			Denmark				18	55.336700	11.033300													Local ScientificName																									237										Halsskov Rev													4		urn:catalog:DMU:MADS:00005184											DMU																			1979		2010-04-14 22:00:00.0									21	DMU	MADS			HumanObservation												Nanoplankton, unidentified								Animalia		Nanoplankton														
DMU	The national database for marine data (MADS)		Isabel Calabuig	http://danbif.au.dk/ipt/archive.do?r=ds21	ICalabuig@snm.ku.dk	http://danbif.au.dk/ipt/eml.do?r=ds21	GBIF Data Sharing Agreement is applied.  GBIF Data Use Agreement is applied.	7a47414c-f762-11e1-a439-00145eb45e9a	1a127d84-5508-4307-be4b-04e0b71eb113			no migrator	FishNet,VertNet	Denmark	Danish Centre for Environment and Energy		Mon Apr 28 00:00:00 UTC 2014	http://danbif.au.dk/ipt/resource.do?r=ds21	http://danbif.au.dk/ipt/resource.do?r=ds21	urn:catalog:DMU:MADS:00005185									00005185	Europe			Denmark				18	55.336700	11.033300													Local ScientificName																									37										Halsskov Rev													4		urn:catalog:DMU:MADS:00005185											DMU																			1979		2010-04-14 22:00:00.0									21	DMU	MADS			HumanObservation												Nanoplankton, unidentified								Animalia		Nanoplankton														
DMU	The national database for marine data (MADS)		Isabel Calabuig	http://danbif.au.dk/ipt/archive.do?r=ds21	ICalabuig@snm.ku.dk	http://danbif.au.dk/ipt/eml.do?r=ds21	GBIF Data Sharing Agreement is applied.  GBIF Data Use Agreement is applied.	7a47414c-f762-11e1-a439-00145eb45e9a	1a127d84-5508-4307-be4b-04e0b71eb113			no migrator	FishNet,VertNet	Denmark	Danish Centre for Environment and Energy		Mon Apr 28 00:00:00 UTC 2014	http://danbif.au.dk/ipt/resource.do?r=ds21	http://danbif.au.dk/ipt/resource.do?r=ds21	urn:catalog:DMU:MADS:00005186									00005186	Europe			Denmark				19	55.000000	13.300000													ITIS ScientificName																									1										Arkona W													4		urn:catalog:DMU:MADS:00005186											DMU																			1979		2010-04-14 22:00:00.0									21	DMU	MADS			HumanObservation												Minuscula bipes								Animalia	Pyrrophycophyta	Dinophyceae	Peridiniales													
DMU	The national database for marine data (MADS)		Isabel Calabuig	http://danbif.au.dk/ipt/archive.do?r=ds21	ICalabuig@snm.ku.dk	http://danbif.au.dk/ipt/eml.do?r=ds21	GBIF Data Sharing Agreement is applied.  GBIF Data Use Agreement is applied.	7a47414c-f762-11e1-a439-00145eb45e9a	1a127d84-5508-4307-be4b-04e0b71eb113			no migrator	FishNet,VertNet	Denmark	Danish Centre for Environment and Energy		Mon Apr 28 00:00:00 UTC 2014	http://danbif.au.dk/ipt/resource.do?r=ds21	http://danbif.au.dk/ipt/resource.do?r=ds21	urn:catalog:DMU:MADS:00005187									00005187	Europe			Denmark				19	55.000000	13.300000													ITIS ScientificName																									1										Arkona W													4		urn:catalog:DMU:MADS:00005187											DMU																			1979		2010-04-14 22:00:00.0									21	DMU	MADS			HumanObservation												Dinobryon								Animalia	Chrysophyta	Chrysophyceae	Ochromonadales													
DMU	The national database for marine data (MADS)		Isabel Calabuig	http://danbif.au.dk/ipt/archive.do?r=ds21	ICalabuig@snm.ku.dk	http://danbif.au.dk/ipt/eml.do?r=ds21	GBIF Data Sharing Agreement is applied.  GBIF Data Use Agreement is applied.	7a47414c-f762-11e1-a439-00145eb45e9a	1a127d84-5508-4307-be4b-04e0b71eb113			no migrator	FishNet,VertNet	Denmark	Danish Centre for Environment and Energy		Mon Apr 28 00:00:00 UTC 2014	http://danbif.au.dk/ipt/resource.do?r=ds21	http://danbif.au.dk/ipt/resource.do?r=ds21	urn:catalog:DMU:MADS:00005188									00005188	Europe			Denmark				19	55.000000	13.300000													ITIS ScientificName																									11										Arkona W													4		urn:catalog:DMU:MADS:00005188											DMU																			1979		2010-04-14 22:00:00.0									21	DMU	MADS			HumanObservation												Achnanthes taeniata								Animalia	Bacillariophyta	Bacillariophyceae	Achnanthales													
DMU	The national database for marine data (MADS)		Isabel Calabuig	http://danbif.au.dk/ipt/archive.do?r=ds21	ICalabuig@snm.ku.dk	http://danbif.au.dk/ipt/eml.do?r=ds21	GBIF Data Sharing Agreement is applied.  GBIF Data Use Agreement is applied.	7a47414c-f762-11e1-a439-00145eb45e9a	1a127d84-5508-4307-be4b-04e0b71eb113			no migrator	FishNet,VertNet	Denmark	Danish Centre for Environment and Energy		Mon Apr 28 00:00:00 UTC 2014	http://danbif.au.dk/ipt/resource.do?r=ds21	http://danbif.au.dk/ipt/resource.do?r=ds21	urn:catalog:DMU:MADS:00005189									00005189	Europe			Denmark				19	55.000000	13.300000													ITIS ScientificName																									2										Arkona W													4		urn:catalog:DMU:MADS:00005189											DMU																			1979		2010-04-14 22:00:00.0									21	DMU	MADS			HumanObservation												Chaetoceros debilis								Animalia	Bacillariophyta	Coscinodiscophyceae	Chaetocerotales													
DMU	The national database for marine data (MADS)		Isabel Calabuig	http://danbif.au.dk/ipt/archive.do?r=ds21	ICalabuig@snm.ku.dk	http://danbif.au.dk/ipt/eml.do?r=ds21	GBIF Data Sharing Agreement is applied.  GBIF Data Use Agreement is applied.	7a47414c-f762-11e1-a439-00145eb45e9a	1a127d84-5508-4307-be4b-04e0b71eb113			no migrator	FishNet,VertNet	Denmark	Danish Centre for Environment and Energy		Mon Apr 28 00:00:00 UTC 2014	http://danbif.au.dk/ipt/resource.do?r=ds21	http://danbif.au.dk/ipt/resource.do?r=ds21	urn:catalog:DMU:MADS:00005190									00005190	Europe			Denmark				19	55.000000	13.300000													ITIS ScientificName																									3										Arkona W													4		urn:catalog:DMU:MADS:00005190											DMU																			1979		2010-04-14 22:00:00.0									21	DMU	MADS			HumanObservation												Chaetoceros holsaticus								Animalia	Bacillariophyta	Coscinodiscophyceae	Chaetocerotales													
DMU	The national database for marine data (MADS)		Isabel Calabuig	http://danbif.au.dk/ipt/archive.do?r=ds21	ICalabuig@snm.ku.dk	http://danbif.au.dk/ipt/eml.do?r=ds21	GBIF Data Sharing Agreement is applied.  GBIF Data Use Agreement is applied.	7a47414c-f762-11e1-a439-00145eb45e9a	1a127d84-5508-4307-be4b-04e0b71eb113			no migrator	FishNet,VertNet	Denmark	Danish Centre for Environment and Energy		Mon Apr 28 00:00:00 UTC 2014	http://danbif.au.dk/ipt/resource.do?r=ds21	http://danbif.au.dk/ipt/resource.do?r=ds21	urn:catalog:DMU:MADS:00005191									00005191	Europe			Denmark				19	55.000000	13.300000													ITIS ScientificName																									57										Arkona W													4		urn:catalog:DMU:MADS:00005191											DMU																			1979		2010-04-14 22:00:00.0									21	DMU	MADS			HumanObservation												Chaetoceros socialis								Animalia	Bacillariophyta	Coscinodiscophyceae	Chaetocerotales													
DMU	The national database for marine data (MADS)		Isabel Calabuig	http://danbif.au.dk/ipt/archive.do?r=ds21	ICalabuig@snm.ku.dk	http://danbif.au.dk/ipt/eml.do?r=ds21	GBIF Data Sharing Agreement is applied.  GBIF Data Use Agreement is applied.	7a47414c-f762-11e1-a439-00145eb45e9a	1a127d84-5508-4307-be4b-04e0b71eb113			no migrator	FishNet,VertNet	Denmark	Danish Centre for Environment and Energy		Mon Apr 28 00:00:00 UTC 2014	http://danbif.au.dk/ipt/resource.do?r=ds21	http://danbif.au.dk/ipt/resource.do?r=ds21	urn:catalog:DMU:MADS:00005192									00005192	Europe			Denmark				19	55.000000	13.300000													ITIS ScientificName																									48										Arkona W													4		urn:catalog:DMU:MADS:00005192											DMU																			1979		2010-04-14 22:00:00.0									21	DMU	MADS			HumanObservation												Chaetoceros septentrionalis								Animalia	Bacillariophyta	Coscinodiscophyceae	Chaetocerotales													
DMU	The national database for marine data (MADS)		Isabel Calabuig	http://danbif.au.dk/ipt/archive.do?r=ds21	ICalabuig@snm.ku.dk	http://danbif.au.dk/ipt/eml.do?r=ds21	GBIF Data Sharing Agreement is applied.  GBIF Data Use Agreement is applied.	7a47414c-f762-11e1-a439-00145eb45e9a	1a127d84-5508-4307-be4b-04e0b71eb113			no migrator	FishNet,VertNet	Denmark	Danish Centre for Environment and Energy		Mon Apr 28 00:00:00 UTC 2014	http://danbif.au.dk/ipt/resource.do?r=ds21	http://danbif.au.dk/ipt/resource.do?r=ds21	urn:catalog:DMU:MADS:00005193									00005193	Europe			Denmark				19	55.000000	13.300000													ITIS ScientificName																									565										Arkona W													4		urn:catalog:DMU:MADS:00005193											DMU																			1979		2010-04-14 22:00:00.0									21	DMU	MADS			HumanObservation												Detonula confervacea								Animalia	Bacillariophyta	Coscinodiscophyceae	Thalassiosirales													
DMU	The national database for marine data (MADS)		Isabel Calabuig	http://danbif.au.dk/ipt/archive.do?r=ds21	ICalabuig@snm.ku.dk	http://danbif.au.dk/ipt/eml.do?r=ds21	GBIF Data Sharing Agreement is applied.  GBIF Data Use Agreement is applied.	7a47414c-f762-11e1-a439-00145eb45e9a	1a127d84-5508-4307-be4b-04e0b71eb113			no migrator	FishNet,VertNet	Denmark	Danish Centre for Environment and Energy		Mon Apr 28 00:00:00 UTC 2014	http://danbif.au.dk/ipt/resource.do?r=ds21	http://danbif.au.dk/ipt/resource.do?r=ds21	urn:catalog:DMU:MADS:00005194									00005194	Europe			Denmark				19	55.000000	13.300000													ITIS ScientificName																									6										Arkona W													4		urn:catalog:DMU:MADS:00005194											DMU																			1979		2010-04-14 22:00:00.0									21	DMU	MADS			HumanObservation												Fragilariopsis cylindrus								Animalia	Bacillariophyta	Bacillariophyceae	Bacillariales													
DMU	The national database for marine data (MADS)		Isabel Calabuig	http://danbif.au.dk/ipt/archive.do?r=ds21	ICalabuig@snm.ku.dk	http://danbif.au.dk/ipt/eml.do?r=ds21	GBIF Data Sharing Agreement is applied.  GBIF Data Use Agreement is applied.	7a47414c-f762-11e1-a439-00145eb45e9a	1a127d84-5508-4307-be4b-04e0b71eb113			no migrator	FishNet,VertNet	Denmark	Danish Centre for Environment and Energy		Mon Apr 28 00:00:00 UTC 2014	http://danbif.au.dk/ipt/resource.do?r=ds21	http://danbif.au.dk/ipt/resource.do?r=ds21	urn:catalog:DMU:MADS:00005195									00005195	Europe			Denmark				19	55.000000	13.300000													ITIS ScientificName																									1										Arkona W													4		urn:catalog:DMU:MADS:00005195											DMU																			1979		2010-04-14 22:00:00.0									21	DMU	MADS			HumanObservation												Porosira glacialis								Animalia	Bacillariophyta	Coscinodiscophyceae	Thalassiosirales													
DMU	The national database for marine data (MADS)		Isabel Calabuig	http://danbif.au.dk/ipt/archive.do?r=ds21	ICalabuig@snm.ku.dk	http://danbif.au.dk/ipt/eml.do?r=ds21	GBIF Data Sharing Agreement is applied.  GBIF Data Use Agreement is applied.	7a47414c-f762-11e1-a439-00145eb45e9a	1a127d84-5508-4307-be4b-04e0b71eb113			no migrator	FishNet,VertNet	Denmark	Danish Centre for Environment and Energy		Mon Apr 28 00:00:00 UTC 2014	http://danbif.au.dk/ipt/resource.do?r=ds21	http://danbif.au.dk/ipt/resource.do?r=ds21	urn:catalog:DMU:MADS:00005196									00005196	Europe			Denmark				19	55.000000	13.300000													ITIS ScientificName																									1										Arkona W													4		urn:catalog:DMU:MADS:00005196											DMU																			1979		2010-04-14 22:00:00.0									21	DMU	MADS			HumanObservation												Proboscia alata								Animalia	Bacillariophyta	Coscinodiscophyceae	Rhizosoleniales													
DMU	The national database for marine data (MADS)		Isabel Calabuig	http://danbif.au.dk/ipt/archive.do?r=ds21	ICalabuig@snm.ku.dk	http://danbif.au.dk/ipt/eml.do?r=ds21	GBIF Data Sharing Agreement is applied.  GBIF Data Use Agreement is applied.	7a47414c-f762-11e1-a439-00145eb45e9a	1a127d84-5508-4307-be4b-04e0b71eb113			no migrator	FishNet,VertNet	Denmark	Danish Centre for Environment and Energy		Mon Apr 28 00:00:00 UTC 2014	http://danbif.au.dk/ipt/resource.do?r=ds21	http://danbif.au.dk/ipt/resource.do?r=ds21	urn:catalog:DMU:MADS:00005197									00005197	Europe			Denmark				19	55.000000	13.300000													ITIS ScientificName																									36										Arkona W													4		urn:catalog:DMU:MADS:00005197											DMU																			1979		2010-04-14 22:00:00.0									21	DMU	MADS			HumanObservation												Skeletonema costatum								Animalia	Bacillariophyta	Coscinodiscophyceae	Thalassiosirales													
DMU	The national database for marine data (MADS)		Isabel Calabuig	http://danbif.au.dk/ipt/archive.do?r=ds21	ICalabuig@snm.ku.dk	http://danbif.au.dk/ipt/eml.do?r=ds21	GBIF Data Sharing Agreement is applied.  GBIF Data Use Agreement is applied.	7a47414c-f762-11e1-a439-00145eb45e9a	1a127d84-5508-4307-be4b-04e0b71eb113			no migrator	FishNet,VertNet	Denmark	Danish Centre for Environment and Energy		Mon Apr 28 00:00:00 UTC 2014	http://danbif.au.dk/ipt/resource.do?r=ds21	http://danbif.au.dk/ipt/resource.do?r=ds21	urn:catalog:DMU:MADS:00005198									00005198	Europe			Denmark				19	55.000000	13.300000													ITIS ScientificName																									448										Arkona W													4		urn:catalog:DMU:MADS:00005198											DMU																			1979		2010-04-14 22:00:00.0									21	DMU	MADS			HumanObservation												Thalassiosira								Animalia	Bacillariophyta	Coscinodiscophyceae	Thalassiosirales													
DMU	The national database for marine data (MADS)		Isabel Calabuig	http://danbif.au.dk/ipt/archive.do?r=ds21	ICalabuig@snm.ku.dk	http://danbif.au.dk/ipt/eml.do?r=ds21	GBIF Data Sharing Agreement is applied.  GBIF Data Use Agreement is applied.	7a47414c-f762-11e1-a439-00145eb45e9a	1a127d84-5508-4307-be4b-04e0b71eb113			no migrator	FishNet,VertNet	Denmark	Danish Centre for Environment and Energy		Mon Apr 28 00:00:00 UTC 2014	http://danbif.au.dk/ipt/resource.do?r=ds21	http://danbif.au.dk/ipt/resource.do?r=ds21	urn:catalog:DMU:MADS:00005199									00005199	Europe			Denmark				19	55.000000	13.300000													ITIS ScientificName																									23										Arkona W													4		urn:catalog:DMU:MADS:00005199											DMU																			1979		2010-04-14 22:00:00.0									21	DMU	MADS			HumanObservation												Thalassiosira								Animalia	Bacillariophyta	Coscinodiscophyceae	Thalassiosirales													
DMU	The national database for marine data (MADS)		Isabel Calabuig	http://danbif.au.dk/ipt/archive.do?r=ds21	ICalabuig@snm.ku.dk	http://danbif.au.dk/ipt/eml.do?r=ds21	GBIF Data Sharing Agreement is applied.  GBIF Data Use Agreement is applied.	7a47414c-f762-11e1-a439-00145eb45e9a	1a127d84-5508-4307-be4b-04e0b71eb113			no migrator	FishNet,VertNet	Denmark	Danish Centre for Environment and Energy		Mon Apr 28 00:00:00 UTC 2014	http://danbif.au.dk/ipt/resource.do?r=ds21	http://danbif.au.dk/ipt/resource.do?r=ds21	urn:catalog:DMU:MADS:00005200									00005200	Europe			Denmark				19	55.000000	13.300000													ITIS ScientificName																									2										Arkona W													4		urn:catalog:DMU:MADS:00005200											DMU																			1979		2010-04-14 22:00:00.0									21	DMU	MADS			HumanObservation												Thalassiosira								Animalia	Bacillariophyta	Coscinodiscophyceae	Thalassiosirales													
DMU	The national database for marine data (MADS)		Isabel Calabuig	http://danbif.au.dk/ipt/archive.do?r=ds21	ICalabuig@snm.ku.dk	http://danbif.au.dk/ipt/eml.do?r=ds21	GBIF Data Sharing Agreement is applied.  GBIF Data Use Agreement is applied.	7a47414c-f762-11e1-a439-00145eb45e9a	1a127d84-5508-4307-be4b-04e0b71eb113			no migrator	FishNet,VertNet	Denmark	Danish Centre for Environment and Energy		Mon Apr 28 00:00:00 UTC 2014	http://danbif.au.dk/ipt/resource.do?r=ds21	http://danbif.au.dk/ipt/resource.do?r=ds21	urn:catalog:DMU:MADS:00005201									00005201	Europe			Denmark				19	55.000000	13.300000													ITIS ScientificName																									10										Arkona W													4		urn:catalog:DMU:MADS:00005201											DMU																			1979		2010-04-14 22:00:00.0									21	DMU	MADS			HumanObservation												Eutreptiella								Animalia	Euglenophycota	Euglenophyceae	Eutreptiales													
DMU	The national database for marine data (MADS)		Isabel Calabuig	http://danbif.au.dk/ipt/archive.do?r=ds21	ICalabuig@snm.ku.dk	http://danbif.au.dk/ipt/eml.do?r=ds21	GBIF Data Sharing Agreement is applied.  GBIF Data Use Agreement is applied.	7a47414c-f762-11e1-a439-00145eb45e9a	1a127d84-5508-4307-be4b-04e0b71eb113			no migrator	FishNet,VertNet	Denmark	Danish Centre for Environment and Energy		Mon Apr 28 00:00:00 UTC 2014	http://danbif.au.dk/ipt/resource.do?r=ds21	http://danbif.au.dk/ipt/resource.do?r=ds21	urn:catalog:DMU:MADS:00005202									00005202	Europe			Denmark				19	55.000000	13.300000													Local ScientificName																									317										Arkona W													4		urn:catalog:DMU:MADS:00005202											DMU																			1979		2010-04-14 22:00:00.0									21	DMU	MADS			HumanObservation												Nanoplankton, unidentified								Animalia		Nanoplankton														
DMU	The national database for marine data (MADS)		Isabel Calabuig	http://danbif.au.dk/ipt/archive.do?r=ds21	ICalabuig@snm.ku.dk	http://danbif.au.dk/ipt/eml.do?r=ds21	GBIF Data Sharing Agreement is applied.  GBIF Data Use Agreement is applied.	7a47414c-f762-11e1-a439-00145eb45e9a	1a127d84-5508-4307-be4b-04e0b71eb113			no migrator	FishNet,VertNet	Denmark	Danish Centre for Environment and Energy		Mon Apr 28 00:00:00 UTC 2014	http://danbif.au.dk/ipt/resource.do?r=ds21	http://danbif.au.dk/ipt/resource.do?r=ds21	urn:catalog:DMU:MADS:00005203									00005203	Europe			Denmark				19	55.000000	13.300000													Local ScientificName																									97										Arkona W													4		urn:catalog:DMU:MADS:00005203											DMU																			1979		2010-04-14 22:00:00.0									21	DMU	MADS			HumanObservation												Nanoplankton, unidentified								Animalia		Nanoplankton														
DMU	The national database for marine data (MADS)		Isabel Calabuig	http://danbif.au.dk/ipt/archive.do?r=ds21	ICalabuig@snm.ku.dk	http://danbif.au.dk/ipt/eml.do?r=ds21	GBIF Data Sharing Agreement is applied.  GBIF Data Use Agreement is applied.	7a47414c-f762-11e1-a439-00145eb45e9a	1a127d84-5508-4307-be4b-04e0b71eb113			no migrator	FishNet,VertNet	Denmark	Danish Centre for Environment and Energy		Mon Apr 28 00:00:00 UTC 2014	http://danbif.au.dk/ipt/resource.do?r=ds21	http://danbif.au.dk/ipt/resource.do?r=ds21	urn:catalog:DMU:MADS:00005204									00005204	Europe			Denmark				19	55.000000	13.300000													Local ScientificName																									18										Arkona W													4		urn:catalog:DMU:MADS:00005204											DMU																			1979		2010-04-14 22:00:00.0									21	DMU	MADS			HumanObservation												Nanoplankton, unidentified								Animalia		Nanoplankton														
DMU	The national database for marine data (MADS)		Isabel Calabuig	http://danbif.au.dk/ipt/archive.do?r=ds21	ICalabuig@snm.ku.dk	http://danbif.au.dk/ipt/eml.do?r=ds21	GBIF Data Sharing Agreement is applied.  GBIF Data Use Agreement is applied.	7a47414c-f762-11e1-a439-00145eb45e9a	1a127d84-5508-4307-be4b-04e0b71eb113			no migrator	FishNet,VertNet	Denmark	Danish Centre for Environment and Energy		Mon Apr 28 00:00:00 UTC 2014	http://danbif.au.dk/ipt/resource.do?r=ds21	http://danbif.au.dk/ipt/resource.do?r=ds21	urn:catalog:DMU:MADS:00005205									00005205	Europe			Denmark				14	55.866699	12.750000													ITIS ScientificName																									2										Ven													5		urn:catalog:DMU:MADS:00005205											DMU																			1979		2010-04-14 22:00:00.0									21	DMU	MADS			HumanObservation												Cryptomonas								Animalia	Cryptophycophyta	Cryptophyceae	Cryptomonadales													
DMU	The national database for marine data (MADS)		Isabel Calabuig	http://danbif.au.dk/ipt/archive.do?r=ds21	ICalabuig@snm.ku.dk	http://danbif.au.dk/ipt/eml.do?r=ds21	GBIF Data Sharing Agreement is applied.  GBIF Data Use Agreement is applied.	7a47414c-f762-11e1-a439-00145eb45e9a	1a127d84-5508-4307-be4b-04e0b71eb113			no migrator	FishNet,VertNet	Denmark	Danish Centre for Environment and Energy		Mon Apr 28 00:00:00 UTC 2014	http://danbif.au.dk/ipt/resource.do?r=ds21	http://danbif.au.dk/ipt/resource.do?r=ds21	urn:catalog:DMU:MADS:00005206									00005206	Europe			Denmark				14	55.866699	12.750000													ITIS ScientificName																									10										Ven													5		urn:catalog:DMU:MADS:00005206											DMU																			1979		2010-04-14 22:00:00.0									21	DMU	MADS			HumanObservation												Dinobryon								Animalia	Chrysophyta	Chrysophyceae	Ochromonadales													
DMU	The national database for marine data (MADS)		Isabel Calabuig	http://danbif.au.dk/ipt/archive.do?r=ds21	ICalabuig@snm.ku.dk	http://danbif.au.dk/ipt/eml.do?r=ds21	GBIF Data Sharing Agreement is applied.  GBIF Data Use Agreement is applied.	7a47414c-f762-11e1-a439-00145eb45e9a	1a127d84-5508-4307-be4b-04e0b71eb113			no migrator	FishNet,VertNet	Denmark	Danish Centre for Environment and Energy		Mon Apr 28 00:00:00 UTC 2014	http://danbif.au.dk/ipt/resource.do?r=ds21	http://danbif.au.dk/ipt/resource.do?r=ds21	urn:catalog:DMU:MADS:00005207									00005207	Europe			Denmark				14	55.866699	12.750000													ITIS ScientificName																									1										Ven													5		urn:catalog:DMU:MADS:00005207											DMU																			1979		2010-04-14 22:00:00.0									21	DMU	MADS			HumanObservation												Achnanthes taeniata								Animalia	Bacillariophyta	Bacillariophyceae	Achnanthales													
DMU	The national database for marine data (MADS)		Isabel Calabuig	http://danbif.au.dk/ipt/archive.do?r=ds21	ICalabuig@snm.ku.dk	http://danbif.au.dk/ipt/eml.do?r=ds21	GBIF Data Sharing Agreement is applied.  GBIF Data Use Agreement is applied.	7a47414c-f762-11e1-a439-00145eb45e9a	1a127d84-5508-4307-be4b-04e0b71eb113			no migrator	FishNet,VertNet	Denmark	Danish Centre for Environment and Energy		Mon Apr 28 00:00:00 UTC 2014	http://danbif.au.dk/ipt/resource.do?r=ds21	http://danbif.au.dk/ipt/resource.do?r=ds21	urn:catalog:DMU:MADS:00005208									00005208	Europe			Denmark				14	55.866699	12.750000													ITIS ScientificName																									5										Ven													5		urn:catalog:DMU:MADS:00005208											DMU																			1979		2010-04-14 22:00:00.0									21	DMU	MADS			HumanObservation												Chaetoceros septentrionalis								Animalia	Bacillariophyta	Coscinodiscophyceae	Chaetocerotales													
DMU	The national database for marine data (MADS)		Isabel Calabuig	http://danbif.au.dk/ipt/archive.do?r=ds21	ICalabuig@snm.ku.dk	http://danbif.au.dk/ipt/eml.do?r=ds21	GBIF Data Sharing Agreement is applied.  GBIF Data Use Agreement is applied.	7a47414c-f762-11e1-a439-00145eb45e9a	1a127d84-5508-4307-be4b-04e0b71eb113			no migrator	FishNet,VertNet	Denmark	Danish Centre for Environment and Energy		Mon Apr 28 00:00:00 UTC 2014	http://danbif.au.dk/ipt/resource.do?r=ds21	http://danbif.au.dk/ipt/resource.do?r=ds21	urn:catalog:DMU:MADS:00005209									00005209	Europe			Denmark				14	55.866699	12.750000													ITIS ScientificName																									1										Ven													5		urn:catalog:DMU:MADS:00005209											DMU																			1979		2010-04-14 22:00:00.0									21	DMU	MADS			HumanObservation												Thalassiosira								Animalia	Bacillariophyta	Coscinodiscophyceae	Thalassiosirales													
DMU	The national database for marine data (MADS)		Isabel Calabuig	http://danbif.au.dk/ipt/archive.do?r=ds21	ICalabuig@snm.ku.dk	http://danbif.au.dk/ipt/eml.do?r=ds21	GBIF Data Sharing Agreement is applied.  GBIF Data Use Agreement is applied.	7a47414c-f762-11e1-a439-00145eb45e9a	1a127d84-5508-4307-be4b-04e0b71eb113			no migrator	FishNet,VertNet	Denmark	Danish Centre for Environment and Energy		Mon Apr 28 00:00:00 UTC 2014	http://danbif.au.dk/ipt/resource.do?r=ds21	http://danbif.au.dk/ipt/resource.do?r=ds21	urn:catalog:DMU:MADS:00005210									00005210	Europe			Denmark				14	55.866699	12.750000													ITIS ScientificName																									2										Ven													5		urn:catalog:DMU:MADS:00005210											DMU																			1979		2010-04-14 22:00:00.0									21	DMU	MADS			HumanObservation												Nitzschia closterium								Animalia	Bacillariophyta	Bacillariophyceae	Bacillariales													
DMU	The national database for marine data (MADS)		Isabel Calabuig	http://danbif.au.dk/ipt/archive.do?r=ds21	ICalabuig@snm.ku.dk	http://danbif.au.dk/ipt/eml.do?r=ds21	GBIF Data Sharing Agreement is applied.  GBIF Data Use Agreement is applied.	7a47414c-f762-11e1-a439-00145eb45e9a	1a127d84-5508-4307-be4b-04e0b71eb113			no migrator	FishNet,VertNet	Denmark	Danish Centre for Environment and Energy		Mon Apr 28 00:00:00 UTC 2014	http://danbif.au.dk/ipt/resource.do?r=ds21	http://danbif.au.dk/ipt/resource.do?r=ds21	urn:catalog:DMU:MADS:00005211									00005211	Europe			Denmark				14	55.866699	12.750000													ITIS ScientificName																									4										Ven													5		urn:catalog:DMU:MADS:00005211											DMU																			1979		2010-04-14 22:00:00.0									21	DMU	MADS			HumanObservation												Skeletonema costatum								Animalia	Bacillariophyta	Coscinodiscophyceae	Thalassiosirales													
DMU	The national database for marine data (MADS)		Isabel Calabuig	http://danbif.au.dk/ipt/archive.do?r=ds21	ICalabuig@snm.ku.dk	http://danbif.au.dk/ipt/eml.do?r=ds21	GBIF Data Sharing Agreement is applied.  GBIF Data Use Agreement is applied.	7a47414c-f762-11e1-a439-00145eb45e9a	1a127d84-5508-4307-be4b-04e0b71eb113			no migrator	FishNet,VertNet	Denmark	Danish Centre for Environment and Energy		Mon Apr 28 00:00:00 UTC 2014	http://danbif.au.dk/ipt/resource.do?r=ds21	http://danbif.au.dk/ipt/resource.do?r=ds21	urn:catalog:DMU:MADS:00005212									00005212	Europe			Denmark				14	55.866699	12.750000													ITIS ScientificName																									4										Ven													5		urn:catalog:DMU:MADS:00005212											DMU																			1979		2010-04-14 22:00:00.0									21	DMU	MADS			HumanObservation												Thalassionema nitzschioides								Animalia	Bacillariophyta	Fragilariophyceae	Thalassionematales													
DMU	The national database for marine data (MADS)		Isabel Calabuig	http://danbif.au.dk/ipt/archive.do?r=ds21	ICalabuig@snm.ku.dk	http://danbif.au.dk/ipt/eml.do?r=ds21	GBIF Data Sharing Agreement is applied.  GBIF Data Use Agreement is applied.	7a47414c-f762-11e1-a439-00145eb45e9a	1a127d84-5508-4307-be4b-04e0b71eb113			no migrator	FishNet,VertNet	Denmark	Danish Centre for Environment and Energy		Mon Apr 28 00:00:00 UTC 2014	http://danbif.au.dk/ipt/resource.do?r=ds21	http://danbif.au.dk/ipt/resource.do?r=ds21	urn:catalog:DMU:MADS:00005213									00005213	Europe			Denmark				14	55.866699	12.750000													Local ScientificName																									684										Ven													5		urn:catalog:DMU:MADS:00005213											DMU																			1979		2010-04-14 22:00:00.0									21	DMU	MADS			HumanObservation												Nanoplankton, unidentified								Animalia		Nanoplankton														
DMU	The national database for marine data (MADS)		Isabel Calabuig	http://danbif.au.dk/ipt/archive.do?r=ds21	ICalabuig@snm.ku.dk	http://danbif.au.dk/ipt/eml.do?r=ds21	GBIF Data Sharing Agreement is applied.  GBIF Data Use Agreement is applied.	7a47414c-f762-11e1-a439-00145eb45e9a	1a127d84-5508-4307-be4b-04e0b71eb113			no migrator	FishNet,VertNet	Denmark	Danish Centre for Environment and Energy		Mon Apr 28 00:00:00 UTC 2014	http://danbif.au.dk/ipt/resource.do?r=ds21	http://danbif.au.dk/ipt/resource.do?r=ds21	urn:catalog:DMU:MADS:00005214									00005214	Europe			Denmark				14	55.866699	12.750000													Local ScientificName																									341										Ven													5		urn:catalog:DMU:MADS:00005214											DMU																			1979		2010-04-14 22:00:00.0									21	DMU	MADS			HumanObservation												Nanoplankton, unidentified								Animalia		Nanoplankton														
DMU	The national database for marine data (MADS)		Isabel Calabuig	http://danbif.au.dk/ipt/archive.do?r=ds21	ICalabuig@snm.ku.dk	http://danbif.au.dk/ipt/eml.do?r=ds21	GBIF Data Sharing Agreement is applied.  GBIF Data Use Agreement is applied.	7a47414c-f762-11e1-a439-00145eb45e9a	1a127d84-5508-4307-be4b-04e0b71eb113			no migrator	FishNet,VertNet	Denmark	Danish Centre for Environment and Energy		Mon Apr 28 00:00:00 UTC 2014	http://danbif.au.dk/ipt/resource.do?r=ds21	http://danbif.au.dk/ipt/resource.do?r=ds21	urn:catalog:DMU:MADS:00005215									00005215	Europe			Denmark				14	55.866699	12.750000													Local ScientificName																									222										Ven													5		urn:catalog:DMU:MADS:00005215											DMU																			1979		2010-04-14 22:00:00.0									21	DMU	MADS			HumanObservation												Nanoplankton, unidentified								Animalia		Nanoplankton														
DMU	The national database for marine data (MADS)		Isabel Calabuig	http://danbif.au.dk/ipt/archive.do?r=ds21	ICalabuig@snm.ku.dk	http://danbif.au.dk/ipt/eml.do?r=ds21	GBIF Data Sharing Agreement is applied.  GBIF Data Use Agreement is applied.	7a47414c-f762-11e1-a439-00145eb45e9a	1a127d84-5508-4307-be4b-04e0b71eb113			no migrator	FishNet,VertNet	Denmark	Danish Centre for Environment and Energy		Mon Apr 28 00:00:00 UTC 2014	http://danbif.au.dk/ipt/resource.do?r=ds21	http://danbif.au.dk/ipt/resource.do?r=ds21	urn:catalog:DMU:MADS:00005216									00005216	Europe			Denmark				15	56.099998	11.150000													ITIS ScientificName																									2										Gniben													5		urn:catalog:DMU:MADS:00005216											DMU																			1979		2010-04-14 22:00:00.0									21	DMU	MADS			HumanObservation												Gonyaulax grindleyi								Animalia	Pyrrophycophyta	Dinophyceae	Gonyaulacales													
DMU	The national database for marine data (MADS)		Isabel Calabuig	http://danbif.au.dk/ipt/archive.do?r=ds21	ICalabuig@snm.ku.dk	http://danbif.au.dk/ipt/eml.do?r=ds21	GBIF Data Sharing Agreement is applied.  GBIF Data Use Agreement is applied.	7a47414c-f762-11e1-a439-00145eb45e9a	1a127d84-5508-4307-be4b-04e0b71eb113			no migrator	FishNet,VertNet	Denmark	Danish Centre for Environment and Energy		Mon Apr 28 00:00:00 UTC 2014	http://danbif.au.dk/ipt/resource.do?r=ds21	http://danbif.au.dk/ipt/resource.do?r=ds21	urn:catalog:DMU:MADS:00005217									00005217	Europe			Denmark				15	56.099998	11.150000													Local ScientificName																									11										Gniben													5		urn:catalog:DMU:MADS:00005217											DMU																			1979		2010-04-14 22:00:00.0									21	DMU	MADS			HumanObservation												Gymnodinium/Gyrodinium sp.								Animalia	Chromophyta	Dinophyceae	Gymnodiniales													
DMU	The national database for marine data (MADS)		Isabel Calabuig	http://danbif.au.dk/ipt/archive.do?r=ds21	ICalabuig@snm.ku.dk	http://danbif.au.dk/ipt/eml.do?r=ds21	GBIF Data Sharing Agreement is applied.  GBIF Data Use Agreement is applied.	7a47414c-f762-11e1-a439-00145eb45e9a	1a127d84-5508-4307-be4b-04e0b71eb113			no migrator	FishNet,VertNet	Denmark	Danish Centre for Environment and Energy		Mon Apr 28 00:00:00 UTC 2014	http://danbif.au.dk/ipt/resource.do?r=ds21	http://danbif.au.dk/ipt/resource.do?r=ds21	urn:catalog:DMU:MADS:00005218									00005218	Europe			Denmark				15	56.099998	11.150000													ITIS ScientificName																									2										Gniben													5		urn:catalog:DMU:MADS:00005218											DMU																			1979		2010-04-14 22:00:00.0									21	DMU	MADS			HumanObservation												Peridinium brevipes								Animalia	Pyrrophycophyta	Dinophyceae	Peridiniales													
DMU	The national database for marine data (MADS)		Isabel Calabuig	http://danbif.au.dk/ipt/archive.do?r=ds21	ICalabuig@snm.ku.dk	http://danbif.au.dk/ipt/eml.do?r=ds21	GBIF Data Sharing Agreement is applied.  GBIF Data Use Agreement is applied.	7a47414c-f762-11e1-a439-00145eb45e9a	1a127d84-5508-4307-be4b-04e0b71eb113			no migrator	FishNet,VertNet	Denmark	Danish Centre for Environment and Energy		Mon Apr 28 00:00:00 UTC 2014	http://danbif.au.dk/ipt/resource.do?r=ds21	http://danbif.au.dk/ipt/resource.do?r=ds21	urn:catalog:DMU:MADS:00005219									00005219	Europe			Denmark				15	56.099998	11.150000													ITIS ScientificName																									4										Gniben													5		urn:catalog:DMU:MADS:00005219											DMU																			1979		2010-04-14 22:00:00.0									21	DMU	MADS			HumanObservation												Protoperidinium pellucidum								Animalia	Pyrrophycophyta	Dinophyceae	Peridiniales													
DMU	The national database for marine data (MADS)		Isabel Calabuig	http://danbif.au.dk/ipt/archive.do?r=ds21	ICalabuig@snm.ku.dk	http://danbif.au.dk/ipt/eml.do?r=ds21	GBIF Data Sharing Agreement is applied.  GBIF Data Use Agreement is applied.	7a47414c-f762-11e1-a439-00145eb45e9a	1a127d84-5508-4307-be4b-04e0b71eb113			no migrator	FishNet,VertNet	Denmark	Danish Centre for Environment and Energy		Mon Apr 28 00:00:00 UTC 2014	http://danbif.au.dk/ipt/resource.do?r=ds21	http://danbif.au.dk/ipt/resource.do?r=ds21	urn:catalog:DMU:MADS:00005220									00005220	Europe			Denmark				15	56.099998	11.150000													ITIS ScientificName																									5										Gniben													5		urn:catalog:DMU:MADS:00005220											DMU																			1979		2010-04-14 22:00:00.0									21	DMU	MADS			HumanObservation												Protoperidinium								Animalia	Pyrrophycophyta	Dinophyceae	Peridiniales													
DMU	The national database for marine data (MADS)		Isabel Calabuig	http://danbif.au.dk/ipt/archive.do?r=ds21	ICalabuig@snm.ku.dk	http://danbif.au.dk/ipt/eml.do?r=ds21	GBIF Data Sharing Agreement is applied.  GBIF Data Use Agreement is applied.	7a47414c-f762-11e1-a439-00145eb45e9a	1a127d84-5508-4307-be4b-04e0b71eb113			no migrator	FishNet,VertNet	Denmark	Danish Centre for Environment and Energy		Mon Apr 28 00:00:00 UTC 2014	http://danbif.au.dk/ipt/resource.do?r=ds21	http://danbif.au.dk/ipt/resource.do?r=ds21	urn:catalog:DMU:MADS:00005221									00005221	Europe			Denmark				15	56.099998	11.150000													ITIS ScientificName																									85										Gniben													5		urn:catalog:DMU:MADS:00005221											DMU																			1979		2010-04-14 22:00:00.0									21	DMU	MADS			HumanObservation												Dinobryon								Animalia	Chrysophyta	Chrysophyceae	Ochromonadales													
DMU	The national database for marine data (MADS)		Isabel Calabuig	http://danbif.au.dk/ipt/archive.do?r=ds21	ICalabuig@snm.ku.dk	http://danbif.au.dk/ipt/eml.do?r=ds21	GBIF Data Sharing Agreement is applied.  GBIF Data Use Agreement is applied.	7a47414c-f762-11e1-a439-00145eb45e9a	1a127d84-5508-4307-be4b-04e0b71eb113			no migrator	FishNet,VertNet	Denmark	Danish Centre for Environment and Energy		Mon Apr 28 00:00:00 UTC 2014	http://danbif.au.dk/ipt/resource.do?r=ds21	http://danbif.au.dk/ipt/resource.do?r=ds21	urn:catalog:DMU:MADS:00005222									00005222	Europe			Denmark				15	56.099998	11.150000													ITIS ScientificName																									3										Gniben													5		urn:catalog:DMU:MADS:00005222											DMU																			1979		2010-04-14 22:00:00.0									21	DMU	MADS			HumanObservation												Chaetoceros laciniosus								Animalia	Bacillariophyta	Coscinodiscophyceae	Chaetocerotales													
DMU	The national database for marine data (MADS)		Isabel Calabuig	http://danbif.au.dk/ipt/archive.do?r=ds21	ICalabuig@snm.ku.dk	http://danbif.au.dk/ipt/eml.do?r=ds21	GBIF Data Sharing Agreement is applied.  GBIF Data Use Agreement is applied.	7a47414c-f762-11e1-a439-00145eb45e9a	1a127d84-5508-4307-be4b-04e0b71eb113			no migrator	FishNet,VertNet	Denmark	Danish Centre for Environment and Energy		Mon Apr 28 00:00:00 UTC 2014	http://danbif.au.dk/ipt/resource.do?r=ds21	http://danbif.au.dk/ipt/resource.do?r=ds21	urn:catalog:DMU:MADS:00005223									00005223	Europe			Denmark				15	56.099998	11.150000													ITIS ScientificName																									3										Gniben													5		urn:catalog:DMU:MADS:00005223											DMU																			1979		2010-04-14 22:00:00.0									21	DMU	MADS			HumanObservation												Chaetoceros subsecundus								Animalia	Bacillariophyta	Coscinodiscophyceae	Chaetocerotales													
DMU	The national database for marine data (MADS)		Isabel Calabuig	http://danbif.au.dk/ipt/archive.do?r=ds21	ICalabuig@snm.ku.dk	http://danbif.au.dk/ipt/eml.do?r=ds21	GBIF Data Sharing Agreement is applied.  GBIF Data Use Agreement is applied.	7a47414c-f762-11e1-a439-00145eb45e9a	1a127d84-5508-4307-be4b-04e0b71eb113			no migrator	FishNet,VertNet	Denmark	Danish Centre for Environment and Energy		Mon Apr 28 00:00:00 UTC 2014	http://danbif.au.dk/ipt/resource.do?r=ds21	http://danbif.au.dk/ipt/resource.do?r=ds21	urn:catalog:DMU:MADS:00005224									00005224	Europe			Denmark				15	56.099998	11.150000													ITIS ScientificName																									2										Gniben													5		urn:catalog:DMU:MADS:00005224											DMU																			1979		2010-04-14 22:00:00.0									21	DMU	MADS			HumanObservation												Leptocylindrus danicus								Animalia	Bacillariophyta	Coscinodiscophyceae	Leptocylindrales													
DMU	The national database for marine data (MADS)		Isabel Calabuig	http://danbif.au.dk/ipt/archive.do?r=ds21	ICalabuig@snm.ku.dk	http://danbif.au.dk/ipt/eml.do?r=ds21	GBIF Data Sharing Agreement is applied.  GBIF Data Use Agreement is applied.	7a47414c-f762-11e1-a439-00145eb45e9a	1a127d84-5508-4307-be4b-04e0b71eb113			no migrator	FishNet,VertNet	Denmark	Danish Centre for Environment and Energy		Mon Apr 28 00:00:00 UTC 2014	http://danbif.au.dk/ipt/resource.do?r=ds21	http://danbif.au.dk/ipt/resource.do?r=ds21	urn:catalog:DMU:MADS:00005225									00005225	Europe			Denmark				15	56.099998	11.150000													ITIS ScientificName																									1										Gniben													5		urn:catalog:DMU:MADS:00005225											DMU																			1979		2010-04-14 22:00:00.0									21	DMU	MADS			HumanObservation												Licmophora								Animalia	Bacillariophyta	Fragilariophyceae	Licmophorales													
DMU	The national database for marine data (MADS)		Isabel Calabuig	http://danbif.au.dk/ipt/archive.do?r=ds21	ICalabuig@snm.ku.dk	http://danbif.au.dk/ipt/eml.do?r=ds21	GBIF Data Sharing Agreement is applied.  GBIF Data Use Agreement is applied.	7a47414c-f762-11e1-a439-00145eb45e9a	1a127d84-5508-4307-be4b-04e0b71eb113			no migrator	FishNet,VertNet	Denmark	Danish Centre for Environment and Energy		Mon Apr 28 00:00:00 UTC 2014	http://danbif.au.dk/ipt/resource.do?r=ds21	http://danbif.au.dk/ipt/resource.do?r=ds21	urn:catalog:DMU:MADS:00005226									00005226	Europe			Denmark				15	56.099998	11.150000													ITIS ScientificName																									1										Gniben													5		urn:catalog:DMU:MADS:00005226											DMU																			1979		2010-04-14 22:00:00.0									21	DMU	MADS			HumanObservation												Nitzschia seriata								Animalia	Bacillariophyta	Bacillariophyceae	Bacillariales													
DMU	The national database for marine data (MADS)		Isabel Calabuig	http://danbif.au.dk/ipt/archive.do?r=ds21	ICalabuig@snm.ku.dk	http://danbif.au.dk/ipt/eml.do?r=ds21	GBIF Data Sharing Agreement is applied.  GBIF Data Use Agreement is applied.	7a47414c-f762-11e1-a439-00145eb45e9a	1a127d84-5508-4307-be4b-04e0b71eb113			no migrator	FishNet,VertNet	Denmark	Danish Centre for Environment and Energy		Mon Apr 28 00:00:00 UTC 2014	http://danbif.au.dk/ipt/resource.do?r=ds21	http://danbif.au.dk/ipt/resource.do?r=ds21	urn:catalog:DMU:MADS:00005227									00005227	Europe			Denmark				15	56.099998	11.150000													Local ScientificName																									544										Gniben													5		urn:catalog:DMU:MADS:00005227											DMU																			1979		2010-04-14 22:00:00.0									21	DMU	MADS			HumanObservation												Nanoplankton, unidentified								Animalia		Nanoplankton														
DMU	The national database for marine data (MADS)		Isabel Calabuig	http://danbif.au.dk/ipt/archive.do?r=ds21	ICalabuig@snm.ku.dk	http://danbif.au.dk/ipt/eml.do?r=ds21	GBIF Data Sharing Agreement is applied.  GBIF Data Use Agreement is applied.	7a47414c-f762-11e1-a439-00145eb45e9a	1a127d84-5508-4307-be4b-04e0b71eb113			no migrator	FishNet,VertNet	Denmark	Danish Centre for Environment and Energy		Mon Apr 28 00:00:00 UTC 2014	http://danbif.au.dk/ipt/resource.do?r=ds21	http://danbif.au.dk/ipt/resource.do?r=ds21	urn:catalog:DMU:MADS:00005228									00005228	Europe			Denmark				15	56.099998	11.150000													Local ScientificName																									194										Gniben													5		urn:catalog:DMU:MADS:00005228											DMU																			1979		2010-04-14 22:00:00.0									21	DMU	MADS			HumanObservation												Nanoplankton, unidentified								Animalia		Nanoplankton														
DMU	The national database for marine data (MADS)		Isabel Calabuig	http://danbif.au.dk/ipt/archive.do?r=ds21	ICalabuig@snm.ku.dk	http://danbif.au.dk/ipt/eml.do?r=ds21	GBIF Data Sharing Agreement is applied.  GBIF Data Use Agreement is applied.	7a47414c-f762-11e1-a439-00145eb45e9a	1a127d84-5508-4307-be4b-04e0b71eb113			no migrator	FishNet,VertNet	Denmark	Danish Centre for Environment and Energy		Mon Apr 28 00:00:00 UTC 2014	http://danbif.au.dk/ipt/resource.do?r=ds21	http://danbif.au.dk/ipt/resource.do?r=ds21	urn:catalog:DMU:MADS:00005229									00005229	Europe			Denmark				15	56.099998	11.150000													Local ScientificName																									17										Gniben													5		urn:catalog:DMU:MADS:00005229											DMU																			1979		2010-04-14 22:00:00.0									21	DMU	MADS			HumanObservation												Nanoplankton, unidentified								Animalia		Nanoplankton														
DMU	The national database for marine data (MADS)		Isabel Calabuig	http://danbif.au.dk/ipt/archive.do?r=ds21	ICalabuig@snm.ku.dk	http://danbif.au.dk/ipt/eml.do?r=ds21	GBIF Data Sharing Agreement is applied.  GBIF Data Use Agreement is applied.	7a47414c-f762-11e1-a439-00145eb45e9a	1a127d84-5508-4307-be4b-04e0b71eb113			no migrator	FishNet,VertNet	Denmark	Danish Centre for Environment and Energy		Mon Apr 28 00:00:00 UTC 2014	http://danbif.au.dk/ipt/resource.do?r=ds21	http://danbif.au.dk/ipt/resource.do?r=ds21	urn:catalog:DMU:MADS:00005230									00005230	Europe			Denmark				15	55.336700	11.033300													Local ScientificName																									5										Halsskov Rev													5		urn:catalog:DMU:MADS:00005230											DMU																			1979		2010-04-14 22:00:00.0									21	DMU	MADS			HumanObservation												Gymnodinium/Gyrodinium sp.								Animalia	Chromophyta	Dinophyceae	Gymnodiniales													
DMU	The national database for marine data (MADS)		Isabel Calabuig	http://danbif.au.dk/ipt/archive.do?r=ds21	ICalabuig@snm.ku.dk	http://danbif.au.dk/ipt/eml.do?r=ds21	GBIF Data Sharing Agreement is applied.  GBIF Data Use Agreement is applied.	7a47414c-f762-11e1-a439-00145eb45e9a	1a127d84-5508-4307-be4b-04e0b71eb113			no migrator	FishNet,VertNet	Denmark	Danish Centre for Environment and Energy		Mon Apr 28 00:00:00 UTC 2014	http://danbif.au.dk/ipt/resource.do?r=ds21	http://danbif.au.dk/ipt/resource.do?r=ds21	urn:catalog:DMU:MADS:00005231									00005231	Europe			Denmark				15	55.336700	11.033300													ITIS ScientificName																									1										Halsskov Rev													5		urn:catalog:DMU:MADS:00005231											DMU																			1979		2010-04-14 22:00:00.0									21	DMU	MADS			HumanObservation												Protoperidinium pellucidum								Animalia	Pyrrophycophyta	Dinophyceae	Peridiniales													
DMU	The national database for marine data (MADS)		Isabel Calabuig	http://danbif.au.dk/ipt/archive.do?r=ds21	ICalabuig@snm.ku.dk	http://danbif.au.dk/ipt/eml.do?r=ds21	GBIF Data Sharing Agreement is applied.  GBIF Data Use Agreement is applied.	7a47414c-f762-11e1-a439-00145eb45e9a	1a127d84-5508-4307-be4b-04e0b71eb113			no migrator	FishNet,VertNet	Denmark	Danish Centre for Environment and Energy		Mon Apr 28 00:00:00 UTC 2014	http://danbif.au.dk/ipt/resource.do?r=ds21	http://danbif.au.dk/ipt/resource.do?r=ds21	urn:catalog:DMU:MADS:00005232									00005232	Europe			Denmark				15	55.336700	11.033300													ITIS ScientificName																									18										Halsskov Rev													5		urn:catalog:DMU:MADS:00005232											DMU																			1979		2010-04-14 22:00:00.0									21	DMU	MADS			HumanObservation												Dinobryon balticum								Animalia	Chrysophyta	Chrysophyceae	Ochromonadales													
DMU	The national database for marine data (MADS)		Isabel Calabuig	http://danbif.au.dk/ipt/archive.do?r=ds21	ICalabuig@snm.ku.dk	http://danbif.au.dk/ipt/eml.do?r=ds21	GBIF Data Sharing Agreement is applied.  GBIF Data Use Agreement is applied.	7a47414c-f762-11e1-a439-00145eb45e9a	1a127d84-5508-4307-be4b-04e0b71eb113			no migrator	FishNet,VertNet	Denmark	Danish Centre for Environment and Energy		Mon Apr 28 00:00:00 UTC 2014	http://danbif.au.dk/ipt/resource.do?r=ds21	http://danbif.au.dk/ipt/resource.do?r=ds21	urn:catalog:DMU:MADS:00005233									00005233	Europe			Denmark				15	55.336700	11.033300													ITIS ScientificName																									18										Halsskov Rev													5		urn:catalog:DMU:MADS:00005233											DMU																			1979		2010-04-14 22:00:00.0									21	DMU	MADS			HumanObservation												Dinobryon petiolatum								Animalia	Chrysophyta	Chrysophyceae	Ochromonadales													
DMU	The national database for marine data (MADS)		Isabel Calabuig	http://danbif.au.dk/ipt/archive.do?r=ds21	ICalabuig@snm.ku.dk	http://danbif.au.dk/ipt/eml.do?r=ds21	GBIF Data Sharing Agreement is applied.  GBIF Data Use Agreement is applied.	7a47414c-f762-11e1-a439-00145eb45e9a	1a127d84-5508-4307-be4b-04e0b71eb113			no migrator	FishNet,VertNet	Denmark	Danish Centre for Environment and Energy		Mon Apr 28 00:00:00 UTC 2014	http://danbif.au.dk/ipt/resource.do?r=ds21	http://danbif.au.dk/ipt/resource.do?r=ds21	urn:catalog:DMU:MADS:00005234									00005234	Europe			Denmark				15	55.336700	11.033300													ITIS ScientificName																									1										Halsskov Rev													5		urn:catalog:DMU:MADS:00005234											DMU																			1979		2010-04-14 22:00:00.0									21	DMU	MADS			HumanObservation												Achnanthes taeniata								Animalia	Bacillariophyta	Bacillariophyceae	Achnanthales													
DMU	The national database for marine data (MADS)		Isabel Calabuig	http://danbif.au.dk/ipt/archive.do?r=ds21	ICalabuig@snm.ku.dk	http://danbif.au.dk/ipt/eml.do?r=ds21	GBIF Data Sharing Agreement is applied.  GBIF Data Use Agreement is applied.	7a47414c-f762-11e1-a439-00145eb45e9a	1a127d84-5508-4307-be4b-04e0b71eb113			no migrator	FishNet,VertNet	Denmark	Danish Centre for Environment and Energy		Mon Apr 28 00:00:00 UTC 2014	http://danbif.au.dk/ipt/resource.do?r=ds21	http://danbif.au.dk/ipt/resource.do?r=ds21	urn:catalog:DMU:MADS:00005235									00005235	Europe			Denmark				15	55.336700	11.033300													ITIS ScientificName																									38										Halsskov Rev													5		urn:catalog:DMU:MADS:00005235											DMU																			1979		2010-04-14 22:00:00.0									21	DMU	MADS			HumanObservation												Chaetoceros debilis								Animalia	Bacillariophyta	Coscinodiscophyceae	Chaetocerotales													
DMU	The national database for marine data (MADS)		Isabel Calabuig	http://danbif.au.dk/ipt/archive.do?r=ds21	ICalabuig@snm.ku.dk	http://danbif.au.dk/ipt/eml.do?r=ds21	GBIF Data Sharing Agreement is applied.  GBIF Data Use Agreement is applied.	7a47414c-f762-11e1-a439-00145eb45e9a	1a127d84-5508-4307-be4b-04e0b71eb113			no migrator	FishNet,VertNet	Denmark	Danish Centre for Environment and Energy		Mon Apr 28 00:00:00 UTC 2014	http://danbif.au.dk/ipt/resource.do?r=ds21	http://danbif.au.dk/ipt/resource.do?r=ds21	urn:catalog:DMU:MADS:00005236									00005236	Europe			Denmark				15	55.336700	11.033300													ITIS ScientificName																									1										Halsskov Rev													5		urn:catalog:DMU:MADS:00005236											DMU																			1979		2010-04-14 22:00:00.0									21	DMU	MADS			HumanObservation												Chaetoceros septentrionalis								Animalia	Bacillariophyta	Coscinodiscophyceae	Chaetocerotales													
DMU	The national database for marine data (MADS)		Isabel Calabuig	http://danbif.au.dk/ipt/archive.do?r=ds21	ICalabuig@snm.ku.dk	http://danbif.au.dk/ipt/eml.do?r=ds21	GBIF Data Sharing Agreement is applied.  GBIF Data Use Agreement is applied.	7a47414c-f762-11e1-a439-00145eb45e9a	1a127d84-5508-4307-be4b-04e0b71eb113			no migrator	FishNet,VertNet	Denmark	Danish Centre for Environment and Energy		Mon Apr 28 00:00:00 UTC 2014	http://danbif.au.dk/ipt/resource.do?r=ds21	http://danbif.au.dk/ipt/resource.do?r=ds21	urn:catalog:DMU:MADS:00005237									00005237	Europe			Denmark				15	55.336700	11.033300													ITIS ScientificName																									3										Halsskov Rev													5		urn:catalog:DMU:MADS:00005237											DMU																			1979		2010-04-14 22:00:00.0									21	DMU	MADS			HumanObservation												Detonula confervacea								Animalia	Bacillariophyta	Coscinodiscophyceae	Thalassiosirales													
DMU	The national database for marine data (MADS)		Isabel Calabuig	http://danbif.au.dk/ipt/archive.do?r=ds21	ICalabuig@snm.ku.dk	http://danbif.au.dk/ipt/eml.do?r=ds21	GBIF Data Sharing Agreement is applied.  GBIF Data Use Agreement is applied.	7a47414c-f762-11e1-a439-00145eb45e9a	1a127d84-5508-4307-be4b-04e0b71eb113			no migrator	FishNet,VertNet	Denmark	Danish Centre for Environment and Energy		Mon Apr 28 00:00:00 UTC 2014	http://danbif.au.dk/ipt/resource.do?r=ds21	http://danbif.au.dk/ipt/resource.do?r=ds21	urn:catalog:DMU:MADS:00005238									00005238	Europe			Denmark				15	55.336700	11.033300													ITIS ScientificName																									1										Halsskov Rev													5		urn:catalog:DMU:MADS:00005238											DMU																			1979		2010-04-14 22:00:00.0									21	DMU	MADS			HumanObservation												Licmophora								Animalia	Bacillariophyta	Fragilariophyceae	Licmophorales													
DMU	The national database for marine data (MADS)		Isabel Calabuig	http://danbif.au.dk/ipt/archive.do?r=ds21	ICalabuig@snm.ku.dk	http://danbif.au.dk/ipt/eml.do?r=ds21	GBIF Data Sharing Agreement is applied.  GBIF Data Use Agreement is applied.	7a47414c-f762-11e1-a439-00145eb45e9a	1a127d84-5508-4307-be4b-04e0b71eb113			no migrator	FishNet,VertNet	Denmark	Danish Centre for Environment and Energy		Mon Apr 28 00:00:00 UTC 2014	http://danbif.au.dk/ipt/resource.do?r=ds21	http://danbif.au.dk/ipt/resource.do?r=ds21	urn:catalog:DMU:MADS:00005239									00005239	Europe			Denmark				15	55.336700	11.033300													ITIS ScientificName																									2										Halsskov Rev													5		urn:catalog:DMU:MADS:00005239											DMU																			1979		2010-04-14 22:00:00.0									21	DMU	MADS			HumanObservation												Nitzschia closterium								Animalia	Bacillariophyta	Bacillariophyceae	Bacillariales													
DMU	The national database for marine data (MADS)		Isabel Calabuig	http://danbif.au.dk/ipt/archive.do?r=ds21	ICalabuig@snm.ku.dk	http://danbif.au.dk/ipt/eml.do?r=ds21	GBIF Data Sharing Agreement is applied.  GBIF Data Use Agreement is applied.	7a47414c-f762-11e1-a439-00145eb45e9a	1a127d84-5508-4307-be4b-04e0b71eb113			no migrator	FishNet,VertNet	Denmark	Danish Centre for Environment and Energy		Mon Apr 28 00:00:00 UTC 2014	http://danbif.au.dk/ipt/resource.do?r=ds21	http://danbif.au.dk/ipt/resource.do?r=ds21	urn:catalog:DMU:MADS:00005240									00005240	Europe			Denmark				15	55.336700	11.033300													ITIS ScientificName																									33										Halsskov Rev													5		urn:catalog:DMU:MADS:00005240											DMU																			1979		2010-04-14 22:00:00.0									21	DMU	MADS			HumanObservation												Skeletonema costatum								Animalia	Bacillariophyta	Coscinodiscophyceae	Thalassiosirales													
DMU	The national database for marine data (MADS)		Isabel Calabuig	http://danbif.au.dk/ipt/archive.do?r=ds21	ICalabuig@snm.ku.dk	http://danbif.au.dk/ipt/eml.do?r=ds21	GBIF Data Sharing Agreement is applied.  GBIF Data Use Agreement is applied.	7a47414c-f762-11e1-a439-00145eb45e9a	1a127d84-5508-4307-be4b-04e0b71eb113			no migrator	FishNet,VertNet	Denmark	Danish Centre for Environment and Energy		Mon Apr 28 00:00:00 UTC 2014	http://danbif.au.dk/ipt/resource.do?r=ds21	http://danbif.au.dk/ipt/resource.do?r=ds21	urn:catalog:DMU:MADS:00005241									00005241	Europe			Denmark				15	55.336700	11.033300													Local ScientificName																									1284										Halsskov Rev													5		urn:catalog:DMU:MADS:00005241											DMU																			1979		2010-04-14 22:00:00.0									21	DMU	MADS			HumanObservation												Nanoplankton, unidentified								Animalia		Nanoplankton														
DMU	The national database for marine data (MADS)		Isabel Calabuig	http://danbif.au.dk/ipt/archive.do?r=ds21	ICalabuig@snm.ku.dk	http://danbif.au.dk/ipt/eml.do?r=ds21	GBIF Data Sharing Agreement is applied.  GBIF Data Use Agreement is applied.	7a47414c-f762-11e1-a439-00145eb45e9a	1a127d84-5508-4307-be4b-04e0b71eb113			no migrator	FishNet,VertNet	Denmark	Danish Centre for Environment and Energy		Mon Apr 28 00:00:00 UTC 2014	http://danbif.au.dk/ipt/resource.do?r=ds21	http://danbif.au.dk/ipt/resource.do?r=ds21	urn:catalog:DMU:MADS:00005242									00005242	Europe			Denmark				15	55.336700	11.033300													Local ScientificName																									271										Halsskov Rev													5		urn:catalog:DMU:MADS:00005242											DMU																			1979		2010-04-14 22:00:00.0									21	DMU	MADS			HumanObservation												Nanoplankton, unidentified								Animalia		Nanoplankton														
DMU	The national database for marine data (MADS)		Isabel Calabuig	http://danbif.au.dk/ipt/archive.do?r=ds21	ICalabuig@snm.ku.dk	http://danbif.au.dk/ipt/eml.do?r=ds21	GBIF Data Sharing Agreement is applied.  GBIF Data Use Agreement is applied.	7a47414c-f762-11e1-a439-00145eb45e9a	1a127d84-5508-4307-be4b-04e0b71eb113			no migrator	FishNet,VertNet	Denmark	Danish Centre for Environment and Energy		Mon Apr 28 00:00:00 UTC 2014	http://danbif.au.dk/ipt/resource.do?r=ds21	http://danbif.au.dk/ipt/resource.do?r=ds21	urn:catalog:DMU:MADS:00005243									00005243	Europe			Denmark				15	55.336700	11.033300													Local ScientificName																									63										Halsskov Rev													5		urn:catalog:DMU:MADS:00005243											DMU																			1979		2010-04-14 22:00:00.0									21	DMU	MADS			HumanObservation												Nanoplankton, unidentified								Animalia		Nanoplankton														