MNHN	Birds collection (ZO) of the Muséum national d'Histoire Naturelle (MNHN - Paris)		Patrick Boussès	http://collections.mnhn.fr/ipt/archive.do?r=mnhn-zo	bousses@mnhn.fr	http://collections.mnhn.fr/ipt/eml.do?r=mnhn-zo		ba0c03ab-fa61-4a3c-8db7-35c8c3454168	2cd829bb-b713-433d-99cf-64bef11e5b3e			no migrator	ORNIS,VertNet	France	Museum national d'Histoire naturelle	Île-de-France	Tue Nov 25 00:00:00 UTC 2014	http://collections.mnhn.fr/ipt/resource.do?r=mnhn-zo	http://collections.mnhn.fr/ipt/resource.do?r=mnhn-zo	http://coldb.mnhn.fr/catalognumber/mnhn/zo/mo-1888-1688									MO-1888-1688	Europe			France	FR	Gard		22	43.605753	4.33651									1879-4-22																																					Adulte		Les Iscles			Petite Camargue / Camargue										4	Vauvert	http://coldb.mnhn.fr/catalognumber/mnhn/zo/mo-1888-1688											Anonyme					Mâle		Languedoc-Roussillon												1879												MNHN	ZO			PreservedSpecimen												Motacilla flava Linnaeus, 1758																			Linnaeus, 1758					
MNHN	Birds collection (ZO) of the Muséum national d'Histoire Naturelle (MNHN - Paris)		Patrick Boussès	http://collections.mnhn.fr/ipt/archive.do?r=mnhn-zo	bousses@mnhn.fr	http://collections.mnhn.fr/ipt/eml.do?r=mnhn-zo		ba0c03ab-fa61-4a3c-8db7-35c8c3454168	2cd829bb-b713-433d-99cf-64bef11e5b3e			no migrator	ORNIS,VertNet	France	Museum national d'Histoire naturelle	Île-de-France	Tue Nov 25 00:00:00 UTC 2014	http://collections.mnhn.fr/ipt/resource.do?r=mnhn-zo	http://collections.mnhn.fr/ipt/resource.do?r=mnhn-zo	http://coldb.mnhn.fr/catalognumber/mnhn/zo/mo-1888-1046									MO-1888-1046	Europe			France	FR	Somme		15	50.25	1.62									1868-11-15																																					Adulte					Baie de Somme										11	Le Crotoy	http://coldb.mnhn.fr/catalognumber/mnhn/zo/mo-1888-1046	Face ventrale rousse.										Anonyme					Femelle		Picardie												1868												MNHN	ZO			PreservedSpecimen												Tyto alba (Scopoli, 1769)																			(Scopoli, 1769)					
MNHN	Birds collection (ZO) of the Muséum national d'Histoire Naturelle (MNHN - Paris)		Patrick Boussès	http://collections.mnhn.fr/ipt/archive.do?r=mnhn-zo	bousses@mnhn.fr	http://collections.mnhn.fr/ipt/eml.do?r=mnhn-zo		ba0c03ab-fa61-4a3c-8db7-35c8c3454168	2cd829bb-b713-433d-99cf-64bef11e5b3e			no migrator	ORNIS,VertNet	France	Museum national d'Histoire naturelle	Île-de-France	Tue Nov 25 00:00:00 UTC 2014	http://collections.mnhn.fr/ipt/resource.do?r=mnhn-zo	http://collections.mnhn.fr/ipt/resource.do?r=mnhn-zo	http://coldb.mnhn.fr/catalognumber/mnhn/zo/mo-1880-384									MO-1880-384	Asie			Inde	IN	Darjeeling																																																		Indéterminé																	http://coldb.mnhn.fr/catalognumber/mnhn/zo/mo-1880-384											de Souva, J.M.					Indéterminé		West Bengal						avant 1881																		MNHN	ZO			PreservedSpecimen												Pomatorhinus ruficollis Hodgson, 1836																			Hodgson, 1836					
MNHN	Birds collection (ZO) of the Muséum national d'Histoire Naturelle (MNHN - Paris)		Patrick Boussès	http://collections.mnhn.fr/ipt/archive.do?r=mnhn-zo	bousses@mnhn.fr	http://collections.mnhn.fr/ipt/eml.do?r=mnhn-zo		ba0c03ab-fa61-4a3c-8db7-35c8c3454168	2cd829bb-b713-433d-99cf-64bef11e5b3e			no migrator	ORNIS,VertNet	France	Museum national d'Histoire naturelle	Île-de-France	Tue Nov 25 00:00:00 UTC 2014	http://collections.mnhn.fr/ipt/resource.do?r=mnhn-zo	http://collections.mnhn.fr/ipt/resource.do?r=mnhn-zo	http://coldb.mnhn.fr/catalognumber/mnhn/zo/mo-1888-2077									MO-1888-2077	Europe			France	FR	Seine-et-Marne		3	48.51	2.62									1888-1-3																																					Adulte															1	Dammarie-les-Lys	http://coldb.mnhn.fr/catalognumber/mnhn/zo/mo-1888-2077											Anonyme					Mâle		Ile-de-France												1888												MNHN	ZO			PreservedSpecimen												Coccothraustes coccothraustes coccothraustes (Linnaeus, 1758)																			(Linnaeus, 1758)					
MNHN	Birds collection (ZO) of the Muséum national d'Histoire Naturelle (MNHN - Paris)		Patrick Boussès	http://collections.mnhn.fr/ipt/archive.do?r=mnhn-zo	bousses@mnhn.fr	http://collections.mnhn.fr/ipt/eml.do?r=mnhn-zo		ba0c03ab-fa61-4a3c-8db7-35c8c3454168	2cd829bb-b713-433d-99cf-64bef11e5b3e			no migrator	ORNIS,VertNet	France	Museum national d'Histoire naturelle	Île-de-France	Tue Nov 25 00:00:00 UTC 2014	http://collections.mnhn.fr/ipt/resource.do?r=mnhn-zo	http://collections.mnhn.fr/ipt/resource.do?r=mnhn-zo	http://coldb.mnhn.fr/catalognumber/mnhn/zo/mo-1881-3092									MO-1881-3092	Europe			France	FR	Oise			49.22	2.59									1860																																					Indéterminé																Senlis	http://coldb.mnhn.fr/catalognumber/mnhn/zo/mo-1881-3092											Germain, Rodolphe					Indéterminé		Picardie												1860												MNHN	ZO			PreservedSpecimen												Pica pica pica (Linnaeus, 1758)																			(Linnaeus, 1758)					
MNHN	Birds collection (ZO) of the Muséum national d'Histoire Naturelle (MNHN - Paris)		Patrick Boussès	http://collections.mnhn.fr/ipt/archive.do?r=mnhn-zo	bousses@mnhn.fr	http://collections.mnhn.fr/ipt/eml.do?r=mnhn-zo		ba0c03ab-fa61-4a3c-8db7-35c8c3454168	2cd829bb-b713-433d-99cf-64bef11e5b3e			no migrator	ORNIS,VertNet	France	Museum national d'Histoire naturelle	Île-de-France	Tue Nov 25 00:00:00 UTC 2014	http://collections.mnhn.fr/ipt/resource.do?r=mnhn-zo	http://collections.mnhn.fr/ipt/resource.do?r=mnhn-zo	http://coldb.mnhn.fr/catalognumber/mnhn/zo/mo-1879-894									MO-1879-894	Afrique			Pays non identifié (Afrique)																																																				Indéterminé		Afrique															http://coldb.mnhn.fr/catalognumber/mnhn/zo/mo-1879-894											Congrégation Française du Saint Esprit					Indéterminé								avant 1880																		MNHN	ZO			PreservedSpecimen												Turdoides jardineii kirkii (Sharpe, 1876)																			(Sharpe, 1876)					
MNHN	Birds collection (ZO) of the Muséum national d'Histoire Naturelle (MNHN - Paris)		Patrick Boussès	http://collections.mnhn.fr/ipt/archive.do?r=mnhn-zo	bousses@mnhn.fr	http://collections.mnhn.fr/ipt/eml.do?r=mnhn-zo		ba0c03ab-fa61-4a3c-8db7-35c8c3454168	2cd829bb-b713-433d-99cf-64bef11e5b3e			no migrator	ORNIS,VertNet	France	Museum national d'Histoire naturelle	Île-de-France	Tue Nov 25 00:00:00 UTC 2014	http://collections.mnhn.fr/ipt/resource.do?r=mnhn-zo	http://collections.mnhn.fr/ipt/resource.do?r=mnhn-zo	http://coldb.mnhn.fr/catalognumber/mnhn/zo/mo-1888-1244									MO-1888-1244	Europe			France	FR	Hautes-Pyrénées		30	42.98	.09									1879-4-30																																					Adulte															4	Bagnères-de-Bigorre	http://coldb.mnhn.fr/catalognumber/mnhn/zo/mo-1888-1244											Anonyme					Mâle		Midi-Pyrénées												1879												MNHN	ZO			PreservedSpecimen												Turdus torquatus Linnaeus, 1758																			Linnaeus, 1758					
MNHN	Birds collection (ZO) of the Muséum national d'Histoire Naturelle (MNHN - Paris)		Patrick Boussès	http://collections.mnhn.fr/ipt/archive.do?r=mnhn-zo	bousses@mnhn.fr	http://collections.mnhn.fr/ipt/eml.do?r=mnhn-zo		ba0c03ab-fa61-4a3c-8db7-35c8c3454168	2cd829bb-b713-433d-99cf-64bef11e5b3e			no migrator	ORNIS,VertNet	France	Museum national d'Histoire naturelle	Île-de-France	Tue Nov 25 00:00:00 UTC 2014	http://collections.mnhn.fr/ipt/resource.do?r=mnhn-zo	http://collections.mnhn.fr/ipt/resource.do?r=mnhn-zo	http://coldb.mnhn.fr/catalognumber/mnhn/zo/mo-1881-3012									MO-1881-3012	Afrique			Algérie	DZ	Miliana																																																		Indéterminé																	http://coldb.mnhn.fr/catalognumber/mnhn/zo/mo-1881-3012											Germain, Rodolphe					Femelle		Aïn-Defla						[09/1856-09/1858]																		MNHN	ZO			PreservedSpecimen												Ficedula hypoleuca hypoleuca (Pallas, 1764)																			(Pallas, 1764)					
MNHN	Birds collection (ZO) of the Muséum national d'Histoire Naturelle (MNHN - Paris)		Patrick Boussès	http://collections.mnhn.fr/ipt/archive.do?r=mnhn-zo	bousses@mnhn.fr	http://collections.mnhn.fr/ipt/eml.do?r=mnhn-zo		ba0c03ab-fa61-4a3c-8db7-35c8c3454168	2cd829bb-b713-433d-99cf-64bef11e5b3e			no migrator	ORNIS,VertNet	France	Museum national d'Histoire naturelle	Île-de-France	Tue Nov 25 00:00:00 UTC 2014	http://collections.mnhn.fr/ipt/resource.do?r=mnhn-zo	http://collections.mnhn.fr/ipt/resource.do?r=mnhn-zo	http://coldb.mnhn.fr/catalognumber/mnhn/zo/mo-1881-2896									MO-1881-2896	Europe			France	FR	Pyrénées-Orientales			42.7	2.9																																														Indéterminé																Perpignan	http://coldb.mnhn.fr/catalognumber/mnhn/zo/mo-1881-2896											Germain, Rodolphe					Mâle		Languedoc-Roussillon						avant 1882																		MNHN	ZO			PreservedSpecimen												Motacilla flava flavissima (Blyth, 1834)																			(Blyth, 1834)					
MNHN	Birds collection (ZO) of the Muséum national d'Histoire Naturelle (MNHN - Paris)		Patrick Boussès	http://collections.mnhn.fr/ipt/archive.do?r=mnhn-zo	bousses@mnhn.fr	http://collections.mnhn.fr/ipt/eml.do?r=mnhn-zo		ba0c03ab-fa61-4a3c-8db7-35c8c3454168	2cd829bb-b713-433d-99cf-64bef11e5b3e			no migrator	ORNIS,VertNet	France	Museum national d'Histoire naturelle	Île-de-France	Tue Nov 25 00:00:00 UTC 2014	http://collections.mnhn.fr/ipt/resource.do?r=mnhn-zo	http://collections.mnhn.fr/ipt/resource.do?r=mnhn-zo	http://coldb.mnhn.fr/catalognumber/mnhn/zo/mo-1888-1053									MO-1888-1053	Europe			France	FR	Gironde		17	44.56	-1.18									1878-9-17																																					Adulte					Bassin d'Arcachon										9	Teste-de-Buch	http://coldb.mnhn.fr/catalognumber/mnhn/zo/mo-1888-1053	Ventre mi-jaune, mi-blanc.										Anonyme					Femelle		Aquitaine												1878												MNHN	ZO			PreservedSpecimen												Tyto alba (Scopoli, 1769)																			(Scopoli, 1769)					
MNHN	Birds collection (ZO) of the Muséum national d'Histoire Naturelle (MNHN - Paris)		Patrick Boussès	http://collections.mnhn.fr/ipt/archive.do?r=mnhn-zo	bousses@mnhn.fr	http://collections.mnhn.fr/ipt/eml.do?r=mnhn-zo		ba0c03ab-fa61-4a3c-8db7-35c8c3454168	2cd829bb-b713-433d-99cf-64bef11e5b3e			no migrator	ORNIS,VertNet	France	Museum national d'Histoire naturelle	Île-de-France	Tue Nov 25 00:00:00 UTC 2014	http://collections.mnhn.fr/ipt/resource.do?r=mnhn-zo	http://collections.mnhn.fr/ipt/resource.do?r=mnhn-zo	http://coldb.mnhn.fr/catalognumber/mnhn/zo/mo-1886-836									MO-1886-836	Asie			Inde	IN																																																			Adulte					Himalaya												http://coldb.mnhn.fr/catalognumber/mnhn/zo/mo-1886-836											Harmand, Jules					Femelle								avant 1887																		MNHN	ZO			PreservedSpecimen												Niltava sundara sundara Hodgson, 1837																			Hodgson, 1837					
MNHN	Birds collection (ZO) of the Muséum national d'Histoire Naturelle (MNHN - Paris)		Patrick Boussès	http://collections.mnhn.fr/ipt/archive.do?r=mnhn-zo	bousses@mnhn.fr	http://collections.mnhn.fr/ipt/eml.do?r=mnhn-zo		ba0c03ab-fa61-4a3c-8db7-35c8c3454168	2cd829bb-b713-433d-99cf-64bef11e5b3e			no migrator	ORNIS,VertNet	France	Museum national d'Histoire naturelle	Île-de-France	Tue Nov 25 00:00:00 UTC 2014	http://collections.mnhn.fr/ipt/resource.do?r=mnhn-zo	http://collections.mnhn.fr/ipt/resource.do?r=mnhn-zo	http://coldb.mnhn.fr/catalognumber/mnhn/zo/mo-1888-1667									MO-1888-1667	Europe			France	FR	Loiret		12	47.75	2.35									1876-10-12																																					Adulte															10	Sully-sur-Loire	http://coldb.mnhn.fr/catalognumber/mnhn/zo/mo-1888-1667	Variation blanche										Anonyme					Indéterminé		Centre-Val de Loire												1876												MNHN	ZO			PreservedSpecimen												Motacilla alba alba Linnaeus, 1758																			Linnaeus, 1758					
MNHN	Birds collection (ZO) of the Muséum national d'Histoire Naturelle (MNHN - Paris)		Patrick Boussès	http://collections.mnhn.fr/ipt/archive.do?r=mnhn-zo	bousses@mnhn.fr	http://collections.mnhn.fr/ipt/eml.do?r=mnhn-zo		ba0c03ab-fa61-4a3c-8db7-35c8c3454168	2cd829bb-b713-433d-99cf-64bef11e5b3e			no migrator	ORNIS,VertNet	France	Museum national d'Histoire naturelle	Île-de-France	Tue Nov 25 00:00:00 UTC 2014	http://collections.mnhn.fr/ipt/resource.do?r=mnhn-zo	http://collections.mnhn.fr/ipt/resource.do?r=mnhn-zo	http://coldb.mnhn.fr/catalognumber/mnhn/zo/mo-1888-1040									MO-1888-1040	Europe			France	FR	Vosges		14	48.4	6.87									1878-7-14																																					Poussin															7	Raon-l'Étape	http://coldb.mnhn.fr/catalognumber/mnhn/zo/mo-1888-1040	Encore du duvet.										Anonyme					Femelle		Lorraine												1878												MNHN	ZO			PreservedSpecimen												Strix aluco Linnaeus, 1758																			Linnaeus, 1758					
MNHN	Birds collection (ZO) of the Muséum national d'Histoire Naturelle (MNHN - Paris)		Patrick Boussès	http://collections.mnhn.fr/ipt/archive.do?r=mnhn-zo	bousses@mnhn.fr	http://collections.mnhn.fr/ipt/eml.do?r=mnhn-zo		ba0c03ab-fa61-4a3c-8db7-35c8c3454168	2cd829bb-b713-433d-99cf-64bef11e5b3e			no migrator	ORNIS,VertNet	France	Museum national d'Histoire naturelle	Île-de-France	Tue Nov 25 00:00:00 UTC 2014	http://collections.mnhn.fr/ipt/resource.do?r=mnhn-zo	http://collections.mnhn.fr/ipt/resource.do?r=mnhn-zo	http://coldb.mnhn.fr/catalognumber/mnhn/zo/mo-1888-1084									MO-1888-1084	Europe			France	FR																																																			Poussin																	http://coldb.mnhn.fr/catalognumber/mnhn/zo/mo-1888-1084											Anonyme					Indéterminé								avant 1889																		MNHN	ZO			PreservedSpecimen												Otus scops scops (Linnaeus, 1758)																			(Linnaeus, 1758)					
MNHN	Birds collection (ZO) of the Muséum national d'Histoire Naturelle (MNHN - Paris)		Patrick Boussès	http://collections.mnhn.fr/ipt/archive.do?r=mnhn-zo	bousses@mnhn.fr	http://collections.mnhn.fr/ipt/eml.do?r=mnhn-zo		ba0c03ab-fa61-4a3c-8db7-35c8c3454168	2cd829bb-b713-433d-99cf-64bef11e5b3e			no migrator	ORNIS,VertNet	France	Museum national d'Histoire naturelle	Île-de-France	Tue Nov 25 00:00:00 UTC 2014	http://collections.mnhn.fr/ipt/resource.do?r=mnhn-zo	http://collections.mnhn.fr/ipt/resource.do?r=mnhn-zo	http://coldb.mnhn.fr/catalognumber/mnhn/zo/mo-1888-1304									MO-1888-1304	Europe			France	FR	Somme		26	50.25	1.62									1887-4-26																																					Adulte					Baie de Somme										4	Le Crotoy	http://coldb.mnhn.fr/catalognumber/mnhn/zo/mo-1888-1304											Anonyme					Mâle		Picardie												1887												MNHN	ZO			PreservedSpecimen												Phoenicurus phoenicurus phoenicurus (Linnaeus, 1758)																			(Linnaeus, 1758)					
MNHN	Birds collection (ZO) of the Muséum national d'Histoire Naturelle (MNHN - Paris)		Patrick Boussès	http://collections.mnhn.fr/ipt/archive.do?r=mnhn-zo	bousses@mnhn.fr	http://collections.mnhn.fr/ipt/eml.do?r=mnhn-zo		ba0c03ab-fa61-4a3c-8db7-35c8c3454168	2cd829bb-b713-433d-99cf-64bef11e5b3e			no migrator	ORNIS,VertNet	France	Museum national d'Histoire naturelle	Île-de-France	Tue Nov 25 00:00:00 UTC 2014	http://collections.mnhn.fr/ipt/resource.do?r=mnhn-zo	http://collections.mnhn.fr/ipt/resource.do?r=mnhn-zo	http://coldb.mnhn.fr/catalognumber/mnhn/zo/mo-1888-1226									MO-1888-1226	Europe			France	FR	Paris		5	48.85	2.35									1878-6-5																																					Poussin															6	Paris	http://coldb.mnhn.fr/catalognumber/mnhn/zo/mo-1888-1226											Anonyme					Indéterminé		Ile-de-France												1878												MNHN	ZO			PreservedSpecimen												Turdus merula merula Linnaeus, 1758																			Linnaeus, 1758					
MNHN	Birds collection (ZO) of the Muséum national d'Histoire Naturelle (MNHN - Paris)		Patrick Boussès	http://collections.mnhn.fr/ipt/archive.do?r=mnhn-zo	bousses@mnhn.fr	http://collections.mnhn.fr/ipt/eml.do?r=mnhn-zo		ba0c03ab-fa61-4a3c-8db7-35c8c3454168	2cd829bb-b713-433d-99cf-64bef11e5b3e			no migrator	ORNIS,VertNet	France	Museum national d'Histoire naturelle	Île-de-France	Tue Nov 25 00:00:00 UTC 2014	http://collections.mnhn.fr/ipt/resource.do?r=mnhn-zo	http://collections.mnhn.fr/ipt/resource.do?r=mnhn-zo	http://coldb.mnhn.fr/catalognumber/mnhn/zo/mo-1888-1215									MO-1888-1215	Europe			France	FR	Somme		27	50.25	1.62									1877-12-27																																					Adulte					Baie de Somme										12	Le Crotoy	http://coldb.mnhn.fr/catalognumber/mnhn/zo/mo-1888-1215											Anonyme					Mâle		Picardie												1877												MNHN	ZO			PreservedSpecimen												Turdus pilaris Linnaeus, 1758																			Linnaeus, 1758					
MNHN	Birds collection (ZO) of the Muséum national d'Histoire Naturelle (MNHN - Paris)		Patrick Boussès	http://collections.mnhn.fr/ipt/archive.do?r=mnhn-zo	bousses@mnhn.fr	http://collections.mnhn.fr/ipt/eml.do?r=mnhn-zo		ba0c03ab-fa61-4a3c-8db7-35c8c3454168	2cd829bb-b713-433d-99cf-64bef11e5b3e			no migrator	ORNIS,VertNet	France	Museum national d'Histoire naturelle	Île-de-France	Tue Nov 25 00:00:00 UTC 2014	http://collections.mnhn.fr/ipt/resource.do?r=mnhn-zo	http://collections.mnhn.fr/ipt/resource.do?r=mnhn-zo	http://coldb.mnhn.fr/catalognumber/mnhn/zo/mo-1882-3165									MO-1882-3165	Afrique			Angola	AO	Cacongo			-5.235837	12.144098																																														Indéterminé					Baie de Landana									100		Lândana	http://coldb.mnhn.fr/catalognumber/mnhn/zo/mo-1882-3165											Petit, Mr					Mâle		Cabinda						avant 1883																		MNHN	ZO			PreservedSpecimen												Muscicapa comitata comitata (Cassin, 1857)																			(Cassin, 1857)					
MNHN	Birds collection (ZO) of the Muséum national d'Histoire Naturelle (MNHN - Paris)		Patrick Boussès	http://collections.mnhn.fr/ipt/archive.do?r=mnhn-zo	bousses@mnhn.fr	http://collections.mnhn.fr/ipt/eml.do?r=mnhn-zo		ba0c03ab-fa61-4a3c-8db7-35c8c3454168	2cd829bb-b713-433d-99cf-64bef11e5b3e			no migrator	ORNIS,VertNet	France	Museum national d'Histoire naturelle	Île-de-France	Tue Nov 25 00:00:00 UTC 2014	http://collections.mnhn.fr/ipt/resource.do?r=mnhn-zo	http://collections.mnhn.fr/ipt/resource.do?r=mnhn-zo	http://coldb.mnhn.fr/catalognumber/mnhn/zo/mo-1888-934									MO-1888-934	Europe			France	FR	Vosges		5	48.4	6.87									1887-11-5																																					Juvénile															11	Raon-l'Étape	http://coldb.mnhn.fr/catalognumber/mnhn/zo/mo-1888-934											Anonyme					Mâle		Lorraine												1887												MNHN	ZO			PreservedSpecimen												Accipiter gentilis gentilis (Linnaeus, 1758)																			(Linnaeus, 1758)					
MNHN	Birds collection (ZO) of the Muséum national d'Histoire Naturelle (MNHN - Paris)		Patrick Boussès	http://collections.mnhn.fr/ipt/archive.do?r=mnhn-zo	bousses@mnhn.fr	http://collections.mnhn.fr/ipt/eml.do?r=mnhn-zo		ba0c03ab-fa61-4a3c-8db7-35c8c3454168	2cd829bb-b713-433d-99cf-64bef11e5b3e			no migrator	ORNIS,VertNet	France	Museum national d'Histoire naturelle	Île-de-France	Tue Nov 25 00:00:00 UTC 2014	http://collections.mnhn.fr/ipt/resource.do?r=mnhn-zo	http://collections.mnhn.fr/ipt/resource.do?r=mnhn-zo	http://coldb.mnhn.fr/catalognumber/mnhn/zo/mo-1885-875									MO-1885-875	Europe			France	FR	Haute-Savoie			45.93	6.93																																														Adulte																Chamonix-Mont-Blanc	http://coldb.mnhn.fr/catalognumber/mnhn/zo/mo-1885-875											Cazin, M.					Femelle		Rhône-Alpes						avant 1886																		MNHN	ZO			PreservedSpecimen												Emberiza cia cia Linnaeus, 1766																			Linnaeus, 1766					
MNHN	Birds collection (ZO) of the Muséum national d'Histoire Naturelle (MNHN - Paris)		Patrick Boussès	http://collections.mnhn.fr/ipt/archive.do?r=mnhn-zo	bousses@mnhn.fr	http://collections.mnhn.fr/ipt/eml.do?r=mnhn-zo		ba0c03ab-fa61-4a3c-8db7-35c8c3454168	2cd829bb-b713-433d-99cf-64bef11e5b3e			no migrator	ORNIS,VertNet	France	Museum national d'Histoire naturelle	Île-de-France	Tue Nov 25 00:00:00 UTC 2014	http://collections.mnhn.fr/ipt/resource.do?r=mnhn-zo	http://collections.mnhn.fr/ipt/resource.do?r=mnhn-zo	http://coldb.mnhn.fr/catalognumber/mnhn/zo/mo-1888-1225									MO-1888-1225	Europe			France	FR	Oise		24	49.54	3.1									1877-6-24																																					Poussin															6	Cuts	http://coldb.mnhn.fr/catalognumber/mnhn/zo/mo-1888-1225											Anonyme					Indéterminé		Picardie												1877												MNHN	ZO			PreservedSpecimen												Turdus merula merula Linnaeus, 1758																			Linnaeus, 1758					
MNHN	Birds collection (ZO) of the Muséum national d'Histoire Naturelle (MNHN - Paris)		Patrick Boussès	http://collections.mnhn.fr/ipt/archive.do?r=mnhn-zo	bousses@mnhn.fr	http://collections.mnhn.fr/ipt/eml.do?r=mnhn-zo		ba0c03ab-fa61-4a3c-8db7-35c8c3454168	2cd829bb-b713-433d-99cf-64bef11e5b3e			no migrator	ORNIS,VertNet	France	Museum national d'Histoire naturelle	Île-de-France	Tue Nov 25 00:00:00 UTC 2014	http://collections.mnhn.fr/ipt/resource.do?r=mnhn-zo	http://collections.mnhn.fr/ipt/resource.do?r=mnhn-zo	http://coldb.mnhn.fr/catalognumber/mnhn/zo/mo-1870-451									MO-1870-451	Asie			Pays non identifié (Asie)																																																				Indéterminé		Himalaya															http://coldb.mnhn.fr/catalognumber/mnhn/zo/mo-1870-451											Anonyme					Indéterminé								avant 1871																		MNHN	ZO			PreservedSpecimen												Garrulax squamatus (Gould, 1835)																			(Gould, 1835)					
MNHN	Birds collection (ZO) of the Muséum national d'Histoire Naturelle (MNHN - Paris)		Patrick Boussès	http://collections.mnhn.fr/ipt/archive.do?r=mnhn-zo	bousses@mnhn.fr	http://collections.mnhn.fr/ipt/eml.do?r=mnhn-zo		ba0c03ab-fa61-4a3c-8db7-35c8c3454168	2cd829bb-b713-433d-99cf-64bef11e5b3e			no migrator	ORNIS,VertNet	France	Museum national d'Histoire naturelle	Île-de-France	Tue Nov 25 00:00:00 UTC 2014	http://collections.mnhn.fr/ipt/resource.do?r=mnhn-zo	http://collections.mnhn.fr/ipt/resource.do?r=mnhn-zo	http://coldb.mnhn.fr/catalognumber/mnhn/zo/mo-1888-1566									MO-1888-1566	Europe			France	FR	Vosges		16	48.4	6.87									1886-10-16																																					Adulte															10	Raon-l'Étape	http://coldb.mnhn.fr/catalognumber/mnhn/zo/mo-1888-1566											Anonyme					Mâle		Lorraine												1886												MNHN	ZO			PreservedSpecimen												Sitta europaea caesia Wolf, 1810																			Wolf, 1810					
MNHN	Birds collection (ZO) of the Muséum national d'Histoire Naturelle (MNHN - Paris)		Patrick Boussès	http://collections.mnhn.fr/ipt/archive.do?r=mnhn-zo	bousses@mnhn.fr	http://collections.mnhn.fr/ipt/eml.do?r=mnhn-zo		ba0c03ab-fa61-4a3c-8db7-35c8c3454168	2cd829bb-b713-433d-99cf-64bef11e5b3e			no migrator	ORNIS,VertNet	France	Museum national d'Histoire naturelle	Île-de-France	Tue Nov 25 00:00:00 UTC 2014	http://collections.mnhn.fr/ipt/resource.do?r=mnhn-zo	http://collections.mnhn.fr/ipt/resource.do?r=mnhn-zo	http://coldb.mnhn.fr/catalognumber/mnhn/zo/mo-1888-1030									MO-1888-1030	Europe			France	FR	Vendée		8	47.01	-1.33									1882-10-8																																					Adulte															10	Saint-Hilaire-de-Loulay	http://coldb.mnhn.fr/catalognumber/mnhn/zo/mo-1888-1030											Anonyme					Femelle		Pays-de-Loire												1882												MNHN	ZO			PreservedSpecimen												Athene noctua vidalii A.E. Brehm, 1857																			A.E. Brehm, 1857					
MNHN	Birds collection (ZO) of the Muséum national d'Histoire Naturelle (MNHN - Paris)		Patrick Boussès	http://collections.mnhn.fr/ipt/archive.do?r=mnhn-zo	bousses@mnhn.fr	http://collections.mnhn.fr/ipt/eml.do?r=mnhn-zo		ba0c03ab-fa61-4a3c-8db7-35c8c3454168	2cd829bb-b713-433d-99cf-64bef11e5b3e			no migrator	ORNIS,VertNet	France	Museum national d'Histoire naturelle	Île-de-France	Tue Nov 25 00:00:00 UTC 2014	http://collections.mnhn.fr/ipt/resource.do?r=mnhn-zo	http://collections.mnhn.fr/ipt/resource.do?r=mnhn-zo	http://coldb.mnhn.fr/catalognumber/mnhn/zo/mo-1884-436									MO-1884-436	Asie			Philippines	PH	Palawan																																																		Indéterminé		Puerto Princesa			Palawan Island												http://coldb.mnhn.fr/catalognumber/mnhn/zo/mo-1884-436											Marche, Alfred	1998				Mâle		Mimaropa						avant 1885																		MNHN	ZO			PreservedSpecimen												Cyornis rufigastra philippinensis Sharpe, 1877																			Sharpe, 1877					
MNHN	Birds collection (ZO) of the Muséum national d'Histoire Naturelle (MNHN - Paris)		Patrick Boussès	http://collections.mnhn.fr/ipt/archive.do?r=mnhn-zo	bousses@mnhn.fr	http://collections.mnhn.fr/ipt/eml.do?r=mnhn-zo		ba0c03ab-fa61-4a3c-8db7-35c8c3454168	2cd829bb-b713-433d-99cf-64bef11e5b3e			no migrator	ORNIS,VertNet	France	Museum national d'Histoire naturelle	Île-de-France	Tue Nov 25 00:00:00 UTC 2014	http://collections.mnhn.fr/ipt/resource.do?r=mnhn-zo	http://collections.mnhn.fr/ipt/resource.do?r=mnhn-zo	http://coldb.mnhn.fr/catalognumber/mnhn/zo/mo-1888-1931									MO-1888-1931	Europe			France	FR	Loire-Atlantique		25	47.09	-2.03									1881-1-25																																					Adulte					Baie de Bourgneuf										1	La Bernerie-en-Retz	http://coldb.mnhn.fr/catalognumber/mnhn/zo/mo-1888-1931	Commune nommée La Bernerie auparavant, devenu La Bernerie-en-Retz en 1949.										Anonyme					Mâle		Pays-de-Loire												1881												MNHN	ZO			PreservedSpecimen												Carduelis carduelis (Linnaeus, 1758)																			(Linnaeus, 1758)					
MNHN	Birds collection (ZO) of the Muséum national d'Histoire Naturelle (MNHN - Paris)		Patrick Boussès	http://collections.mnhn.fr/ipt/archive.do?r=mnhn-zo	bousses@mnhn.fr	http://collections.mnhn.fr/ipt/eml.do?r=mnhn-zo		ba0c03ab-fa61-4a3c-8db7-35c8c3454168	2cd829bb-b713-433d-99cf-64bef11e5b3e			no migrator	ORNIS,VertNet	France	Museum national d'Histoire naturelle	Île-de-France	Tue Nov 25 00:00:00 UTC 2014	http://collections.mnhn.fr/ipt/resource.do?r=mnhn-zo	http://collections.mnhn.fr/ipt/resource.do?r=mnhn-zo	http://coldb.mnhn.fr/catalognumber/mnhn/zo/mo-1888-1042									MO-1888-1042	Europe			France	FR	Yvelines		30											1887-10-30																																					Adulte		Forêt de Rambouillet													10		http://coldb.mnhn.fr/catalognumber/mnhn/zo/mo-1888-1042											Anonyme					Femelle		Ile-de-France												1887												MNHN	ZO			PreservedSpecimen												Strix aluco sylvatica Shaw, 1809																			Shaw, 1809					
MNHN	Birds collection (ZO) of the Muséum national d'Histoire Naturelle (MNHN - Paris)		Patrick Boussès	http://collections.mnhn.fr/ipt/archive.do?r=mnhn-zo	bousses@mnhn.fr	http://collections.mnhn.fr/ipt/eml.do?r=mnhn-zo		ba0c03ab-fa61-4a3c-8db7-35c8c3454168	2cd829bb-b713-433d-99cf-64bef11e5b3e			no migrator	ORNIS,VertNet	France	Museum national d'Histoire naturelle	Île-de-France	Tue Nov 25 00:00:00 UTC 2014	http://collections.mnhn.fr/ipt/resource.do?r=mnhn-zo	http://collections.mnhn.fr/ipt/resource.do?r=mnhn-zo	http://coldb.mnhn.fr/catalognumber/mnhn/zo/mo-1888-1300									MO-1888-1300	Europe			France	FR			20											1882-6-20																																					Poussin															6		http://coldb.mnhn.fr/catalognumber/mnhn/zo/mo-1888-1300	Passy indiqué en localité, mais il existe 7 communes en France pouvant correspondre (plus des lieux-dits).										Anonyme					Indéterminé														1882												MNHN	ZO			PreservedSpecimen												Phoenicurus phoenicurus phoenicurus (Linnaeus, 1758)																			(Linnaeus, 1758)					
MNHN	Birds collection (ZO) of the Muséum national d'Histoire Naturelle (MNHN - Paris)		Patrick Boussès	http://collections.mnhn.fr/ipt/archive.do?r=mnhn-zo	bousses@mnhn.fr	http://collections.mnhn.fr/ipt/eml.do?r=mnhn-zo		ba0c03ab-fa61-4a3c-8db7-35c8c3454168	2cd829bb-b713-433d-99cf-64bef11e5b3e			no migrator	ORNIS,VertNet	France	Museum national d'Histoire naturelle	Île-de-France	Tue Nov 25 00:00:00 UTC 2014	http://collections.mnhn.fr/ipt/resource.do?r=mnhn-zo	http://collections.mnhn.fr/ipt/resource.do?r=mnhn-zo	http://coldb.mnhn.fr/catalognumber/mnhn/zo/mo-1884-146									MO-1884-146	Asie			Philippines	PH	Palawan													1883-9																																					Indéterminé		Puerto Princesa			Palawan Island										9		http://coldb.mnhn.fr/catalognumber/mnhn/zo/mo-1884-146											Marche, Alfred					Indéterminé		Mimaropa												1883												MNHN	ZO			PreservedSpecimen												Ficedula platenae (W.H. Blasius, 1888)																			(W.H. Blasius, 1888)					
MNHN	Birds collection (ZO) of the Muséum national d'Histoire Naturelle (MNHN - Paris)		Patrick Boussès	http://collections.mnhn.fr/ipt/archive.do?r=mnhn-zo	bousses@mnhn.fr	http://collections.mnhn.fr/ipt/eml.do?r=mnhn-zo		ba0c03ab-fa61-4a3c-8db7-35c8c3454168	2cd829bb-b713-433d-99cf-64bef11e5b3e			no migrator	ORNIS,VertNet	France	Museum national d'Histoire naturelle	Île-de-France	Tue Nov 25 00:00:00 UTC 2014	http://collections.mnhn.fr/ipt/resource.do?r=mnhn-zo	http://collections.mnhn.fr/ipt/resource.do?r=mnhn-zo	http://coldb.mnhn.fr/catalognumber/mnhn/zo/mo-1863-856									MO-1863-856	Amérique du Nord			Mexique	MX																																																			Indéterminé																	http://coldb.mnhn.fr/catalognumber/mnhn/zo/mo-1863-856											Biart, Lucien					Indéterminé								avant 1864																		MNHN	ZO			PreservedSpecimen												Polioptila caerulea caerulea (Linnaeus, 1766)																			(Linnaeus, 1766)					
MNHN	Birds collection (ZO) of the Muséum national d'Histoire Naturelle (MNHN - Paris)		Patrick Boussès	http://collections.mnhn.fr/ipt/archive.do?r=mnhn-zo	bousses@mnhn.fr	http://collections.mnhn.fr/ipt/eml.do?r=mnhn-zo		ba0c03ab-fa61-4a3c-8db7-35c8c3454168	2cd829bb-b713-433d-99cf-64bef11e5b3e			no migrator	ORNIS,VertNet	France	Museum national d'Histoire naturelle	Île-de-France	Tue Nov 25 00:00:00 UTC 2014	http://collections.mnhn.fr/ipt/resource.do?r=mnhn-zo	http://collections.mnhn.fr/ipt/resource.do?r=mnhn-zo	http://coldb.mnhn.fr/catalognumber/mnhn/zo/mo-1881-2916									MO-1881-2916	Europe			France	FR	Pyrénées-Orientales			42.7	2.9																																														Adulte																Perpignan	http://coldb.mnhn.fr/catalognumber/mnhn/zo/mo-1881-2916											Germain, Rodolphe					Mâle		Languedoc-Roussillon						avant 1882																		MNHN	ZO			PreservedSpecimen												Oriolus oriolus oriolus (Linnaeus, 1758)																			(Linnaeus, 1758)					
MNHN	Birds collection (ZO) of the Muséum national d'Histoire Naturelle (MNHN - Paris)		Patrick Boussès	http://collections.mnhn.fr/ipt/archive.do?r=mnhn-zo	bousses@mnhn.fr	http://collections.mnhn.fr/ipt/eml.do?r=mnhn-zo		ba0c03ab-fa61-4a3c-8db7-35c8c3454168	2cd829bb-b713-433d-99cf-64bef11e5b3e			no migrator	ORNIS,VertNet	France	Museum national d'Histoire naturelle	Île-de-France	Tue Nov 25 00:00:00 UTC 2014	http://collections.mnhn.fr/ipt/resource.do?r=mnhn-zo	http://collections.mnhn.fr/ipt/resource.do?r=mnhn-zo	http://coldb.mnhn.fr/catalognumber/mnhn/zo/mo-1888-1255									MO-1888-1255	Europe			France	FR	Bouches-du-Rhône		19	43.610865	4.475276									1886-4-19																																					Immature		Albaron			Camargue									4	4	Arles	http://coldb.mnhn.fr/catalognumber/mnhn/zo/mo-1888-1255	Jeune de 2ème année.										Anonyme					Mâle		Provence-Alpes-Côte-d'Azur												1886												MNHN	ZO			PreservedSpecimen												Monticola saxatilis (Linnaeus, 1766)																			(Linnaeus, 1766)					
MNHN	Birds collection (ZO) of the Muséum national d'Histoire Naturelle (MNHN - Paris)		Patrick Boussès	http://collections.mnhn.fr/ipt/archive.do?r=mnhn-zo	bousses@mnhn.fr	http://collections.mnhn.fr/ipt/eml.do?r=mnhn-zo		ba0c03ab-fa61-4a3c-8db7-35c8c3454168	2cd829bb-b713-433d-99cf-64bef11e5b3e			no migrator	ORNIS,VertNet	France	Museum national d'Histoire naturelle	Île-de-France	Tue Nov 25 00:00:00 UTC 2014	http://collections.mnhn.fr/ipt/resource.do?r=mnhn-zo	http://collections.mnhn.fr/ipt/resource.do?r=mnhn-zo	http://coldb.mnhn.fr/catalognumber/mnhn/zo/mo-1888-948									MO-1888-948	Europe			France	FR	Bouches-du-Rhône		1	43.610865	4.475276									1880-1-1																																					Juvénile		Albaron			Camargue									4	1	Arles	http://coldb.mnhn.fr/catalognumber/mnhn/zo/mo-1888-948	Jeune de l'année.										Anonyme					Mâle		Provence-Alpes-Côte-d'Azur												1880												MNHN	ZO			PreservedSpecimen												Accipiter nisus nisus (Linnaeus, 1758)																			(Linnaeus, 1758)					
MNHN	Birds collection (ZO) of the Muséum national d'Histoire Naturelle (MNHN - Paris)		Patrick Boussès	http://collections.mnhn.fr/ipt/archive.do?r=mnhn-zo	bousses@mnhn.fr	http://collections.mnhn.fr/ipt/eml.do?r=mnhn-zo		ba0c03ab-fa61-4a3c-8db7-35c8c3454168	2cd829bb-b713-433d-99cf-64bef11e5b3e			no migrator	ORNIS,VertNet	France	Museum national d'Histoire naturelle	Île-de-France	Tue Nov 25 00:00:00 UTC 2014	http://collections.mnhn.fr/ipt/resource.do?r=mnhn-zo	http://collections.mnhn.fr/ipt/resource.do?r=mnhn-zo	http://coldb.mnhn.fr/catalognumber/mnhn/zo/mo-1888-1980									MO-1888-1980	Europe			France	FR	Somme		19	50.25	1.62									1873-2-19																																					Adulte					Baie de Somme										2	Le Crotoy	http://coldb.mnhn.fr/catalognumber/mnhn/zo/mo-1888-1980											Anonyme					Mâle		Picardie												1873												MNHN	ZO			PreservedSpecimen												Carduelis flavirostris flavirostris (Linnaeus, 1758)																			(Linnaeus, 1758)					
MNHN	Birds collection (ZO) of the Muséum national d'Histoire Naturelle (MNHN - Paris)		Patrick Boussès	http://collections.mnhn.fr/ipt/archive.do?r=mnhn-zo	bousses@mnhn.fr	http://collections.mnhn.fr/ipt/eml.do?r=mnhn-zo		ba0c03ab-fa61-4a3c-8db7-35c8c3454168	2cd829bb-b713-433d-99cf-64bef11e5b3e			no migrator	ORNIS,VertNet	France	Museum national d'Histoire naturelle	Île-de-France	Tue Nov 25 00:00:00 UTC 2014	http://collections.mnhn.fr/ipt/resource.do?r=mnhn-zo	http://collections.mnhn.fr/ipt/resource.do?r=mnhn-zo	http://coldb.mnhn.fr/catalognumber/mnhn/zo/mo-1888-1890									MO-1888-1890	Europe			France	FR	Bouches-du-Rhône		15	43.610865	4.475276									1879-6-15																																					Adulte		Albaron			Camargue									4	6	Arles	http://coldb.mnhn.fr/catalognumber/mnhn/zo/mo-1888-1890											Anonyme					Femelle		Provence-Alpes-Côte-d'Azur												1879												MNHN	ZO			PreservedSpecimen												Lanius minor J.F. Gmelin, 1788																			J.F. Gmelin, 1788					
MNHN	Birds collection (ZO) of the Muséum national d'Histoire Naturelle (MNHN - Paris)		Patrick Boussès	http://collections.mnhn.fr/ipt/archive.do?r=mnhn-zo	bousses@mnhn.fr	http://collections.mnhn.fr/ipt/eml.do?r=mnhn-zo		ba0c03ab-fa61-4a3c-8db7-35c8c3454168	2cd829bb-b713-433d-99cf-64bef11e5b3e			no migrator	ORNIS,VertNet	France	Museum national d'Histoire naturelle	Île-de-France	Tue Nov 25 00:00:00 UTC 2014	http://collections.mnhn.fr/ipt/resource.do?r=mnhn-zo	http://collections.mnhn.fr/ipt/resource.do?r=mnhn-zo	http://coldb.mnhn.fr/catalognumber/mnhn/zo/mo-1888-1260									MO-1888-1260	Europe			France	FR	Gard		3	43.66	4.41									1882-11-3																																					Adulte					Camargue										11	Saint-Gilles	http://coldb.mnhn.fr/catalognumber/mnhn/zo/mo-1888-1260											Anonyme					Femelle		Languedoc-Roussillon												1882												MNHN	ZO			PreservedSpecimen												Monticola solitarius solitarius (Linnaeus, 1758)																			(Linnaeus, 1758)					
MNHN	Birds collection (ZO) of the Muséum national d'Histoire Naturelle (MNHN - Paris)		Patrick Boussès	http://collections.mnhn.fr/ipt/archive.do?r=mnhn-zo	bousses@mnhn.fr	http://collections.mnhn.fr/ipt/eml.do?r=mnhn-zo		ba0c03ab-fa61-4a3c-8db7-35c8c3454168	2cd829bb-b713-433d-99cf-64bef11e5b3e			no migrator	ORNIS,VertNet	France	Museum national d'Histoire naturelle	Île-de-France	Tue Nov 25 00:00:00 UTC 2014	http://collections.mnhn.fr/ipt/resource.do?r=mnhn-zo	http://collections.mnhn.fr/ipt/resource.do?r=mnhn-zo	http://coldb.mnhn.fr/catalognumber/mnhn/zo/mo-1879-573									MO-1879-573	Asie			Pays non identifié (Asie)																																																				Indéterminé																	http://coldb.mnhn.fr/catalognumber/mnhn/zo/mo-1879-573											Anonyme	399				Femelle								avant 1880																		MNHN	ZO			PreservedSpecimen												Pellorneum ruficeps Swainson, 1832																			Swainson, 1832					
MNHN	Birds collection (ZO) of the Muséum national d'Histoire Naturelle (MNHN - Paris)		Patrick Boussès	http://collections.mnhn.fr/ipt/archive.do?r=mnhn-zo	bousses@mnhn.fr	http://collections.mnhn.fr/ipt/eml.do?r=mnhn-zo		ba0c03ab-fa61-4a3c-8db7-35c8c3454168	2cd829bb-b713-433d-99cf-64bef11e5b3e			no migrator	ORNIS,VertNet	France	Museum national d'Histoire naturelle	Île-de-France	Tue Nov 25 00:00:00 UTC 2014	http://collections.mnhn.fr/ipt/resource.do?r=mnhn-zo	http://collections.mnhn.fr/ipt/resource.do?r=mnhn-zo	http://coldb.mnhn.fr/catalognumber/mnhn/zo/mo-1843-215									MO-1843-215	Afrique			Pays non identifié (Afrique)																																																				Indéterminé					Soudan (frontières avant juillet 2011)												http://coldb.mnhn.fr/catalognumber/mnhn/zo/mo-1843-215											d'Arnaud, Joseph-Pons					Femelle								[1840-1842]																		MNHN	ZO			PreservedSpecimen												Turdoides rubiginosa rubiginosa (Rüppell, 1845)																			(Rüppell, 1845)					
MNHN	Birds collection (ZO) of the Muséum national d'Histoire Naturelle (MNHN - Paris)		Patrick Boussès	http://collections.mnhn.fr/ipt/archive.do?r=mnhn-zo	bousses@mnhn.fr	http://collections.mnhn.fr/ipt/eml.do?r=mnhn-zo		ba0c03ab-fa61-4a3c-8db7-35c8c3454168	2cd829bb-b713-433d-99cf-64bef11e5b3e			no migrator	ORNIS,VertNet	France	Museum national d'Histoire naturelle	Île-de-France	Tue Nov 25 00:00:00 UTC 2014	http://collections.mnhn.fr/ipt/resource.do?r=mnhn-zo	http://collections.mnhn.fr/ipt/resource.do?r=mnhn-zo	http://coldb.mnhn.fr/catalognumber/mnhn/zo/mo-1873-179									MO-1873-179	Asie			Chine	CN														1872																																					Indéterminé																	http://coldb.mnhn.fr/catalognumber/mnhn/zo/mo-1873-179											David, Armand (Père)					Femelle														1872												MNHN	ZO			PreservedSpecimen												Pomatorhinus erythrogenys gravivox David, 1873																			David, 1873					
MNHN	Birds collection (ZO) of the Muséum national d'Histoire Naturelle (MNHN - Paris)		Patrick Boussès	http://collections.mnhn.fr/ipt/archive.do?r=mnhn-zo	bousses@mnhn.fr	http://collections.mnhn.fr/ipt/eml.do?r=mnhn-zo		ba0c03ab-fa61-4a3c-8db7-35c8c3454168	2cd829bb-b713-433d-99cf-64bef11e5b3e			no migrator	ORNIS,VertNet	France	Museum national d'Histoire naturelle	Île-de-France	Tue Nov 25 00:00:00 UTC 2014	http://collections.mnhn.fr/ipt/resource.do?r=mnhn-zo	http://collections.mnhn.fr/ipt/resource.do?r=mnhn-zo	http://coldb.mnhn.fr/catalognumber/mnhn/zo/mo-1886-829									MO-1886-829	Asie			Inde	IN																																																			Indéterminé					Himalaya												http://coldb.mnhn.fr/catalognumber/mnhn/zo/mo-1886-829											Harmand, Jules					Mâle								avant 1887																		MNHN	ZO			PreservedSpecimen												Yuhina gularis gularis Hodgson, 1836																			Hodgson, 1836					
MNHN	Birds collection (ZO) of the Muséum national d'Histoire Naturelle (MNHN - Paris)		Patrick Boussès	http://collections.mnhn.fr/ipt/archive.do?r=mnhn-zo	bousses@mnhn.fr	http://collections.mnhn.fr/ipt/eml.do?r=mnhn-zo		ba0c03ab-fa61-4a3c-8db7-35c8c3454168	2cd829bb-b713-433d-99cf-64bef11e5b3e			no migrator	ORNIS,VertNet	France	Museum national d'Histoire naturelle	Île-de-France	Tue Nov 25 00:00:00 UTC 2014	http://collections.mnhn.fr/ipt/resource.do?r=mnhn-zo	http://collections.mnhn.fr/ipt/resource.do?r=mnhn-zo	http://coldb.mnhn.fr/catalognumber/mnhn/zo/mo-1888-2116									MO-1888-2116	Europe			France	FR	Somme		20	50.18	1.52									1877-4-20																																					Adulte					Baie de Somme										4	Cayeux-sur-Mer	http://coldb.mnhn.fr/catalognumber/mnhn/zo/mo-1888-2116											Anonyme					Mâle		Picardie												1877												MNHN	ZO			PreservedSpecimen												Emberiza schoeniclus schoeniclus (Linnaeus, 1758)																			(Linnaeus, 1758)					
MNHN	Birds collection (ZO) of the Muséum national d'Histoire Naturelle (MNHN - Paris)		Patrick Boussès	http://collections.mnhn.fr/ipt/archive.do?r=mnhn-zo	bousses@mnhn.fr	http://collections.mnhn.fr/ipt/eml.do?r=mnhn-zo		ba0c03ab-fa61-4a3c-8db7-35c8c3454168	2cd829bb-b713-433d-99cf-64bef11e5b3e			no migrator	ORNIS,VertNet	France	Museum national d'Histoire naturelle	Île-de-France	Tue Nov 25 00:00:00 UTC 2014	http://collections.mnhn.fr/ipt/resource.do?r=mnhn-zo	http://collections.mnhn.fr/ipt/resource.do?r=mnhn-zo	http://coldb.mnhn.fr/catalognumber/mnhn/zo/mo-1888-1145									MO-1888-1145	Europe			France	FR	Seine-et-Marne		17	48.49	3.03									1879-1-17																																					Adulte															1	Villeneuve-les-Bordes	http://coldb.mnhn.fr/catalognumber/mnhn/zo/mo-1888-1145											Anonyme					Femelle		Ile-de-France												1879												MNHN	ZO			PreservedSpecimen												Picus canus canus J.F. Gmelin, 1788																			J.F. Gmelin, 1788					
MNHN	Birds collection (ZO) of the Muséum national d'Histoire Naturelle (MNHN - Paris)		Patrick Boussès	http://collections.mnhn.fr/ipt/archive.do?r=mnhn-zo	bousses@mnhn.fr	http://collections.mnhn.fr/ipt/eml.do?r=mnhn-zo		ba0c03ab-fa61-4a3c-8db7-35c8c3454168	2cd829bb-b713-433d-99cf-64bef11e5b3e			no migrator	ORNIS,VertNet	France	Museum national d'Histoire naturelle	Île-de-France	Tue Nov 25 00:00:00 UTC 2014	http://collections.mnhn.fr/ipt/resource.do?r=mnhn-zo	http://collections.mnhn.fr/ipt/resource.do?r=mnhn-zo	http://coldb.mnhn.fr/catalognumber/mnhn/zo/mo-1888-1085									MO-1888-1085	Europe			France	FR	Paris		23	48.86267	2.24882									1868-4-23																																					Adulte		Bois de Boulogne			XVI ème arrondissement									45	4	Paris	http://coldb.mnhn.fr/catalognumber/mnhn/zo/mo-1888-1085											Anonyme					Femelle		Ile-de-France												1868												MNHN	ZO			PreservedSpecimen												Otus scops scops (Linnaeus, 1758)																			(Linnaeus, 1758)					
MNHN	Birds collection (ZO) of the Muséum national d'Histoire Naturelle (MNHN - Paris)		Patrick Boussès	http://collections.mnhn.fr/ipt/archive.do?r=mnhn-zo	bousses@mnhn.fr	http://collections.mnhn.fr/ipt/eml.do?r=mnhn-zo		ba0c03ab-fa61-4a3c-8db7-35c8c3454168	2cd829bb-b713-433d-99cf-64bef11e5b3e			no migrator	ORNIS,VertNet	France	Museum national d'Histoire naturelle	Île-de-France	Tue Nov 25 00:00:00 UTC 2014	http://collections.mnhn.fr/ipt/resource.do?r=mnhn-zo	http://collections.mnhn.fr/ipt/resource.do?r=mnhn-zo	http://coldb.mnhn.fr/catalognumber/mnhn/zo/mo-1879-881									MO-1879-881	Afrique			Tanzanie	TZ	Bagamoyo																																																		Indéterminé		Bagamoyo															http://coldb.mnhn.fr/catalognumber/mnhn/zo/mo-1879-881											Congrégation Française du Saint Esprit					Indéterminé		Pwani						avant 1880																		MNHN	ZO			PreservedSpecimen												Melaenornis sp. G.R. Gray, 1840																			G.R. Gray, 1840					
MNHN	Birds collection (ZO) of the Muséum national d'Histoire Naturelle (MNHN - Paris)		Patrick Boussès	http://collections.mnhn.fr/ipt/archive.do?r=mnhn-zo	bousses@mnhn.fr	http://collections.mnhn.fr/ipt/eml.do?r=mnhn-zo		ba0c03ab-fa61-4a3c-8db7-35c8c3454168	2cd829bb-b713-433d-99cf-64bef11e5b3e			no migrator	ORNIS,VertNet	France	Museum national d'Histoire naturelle	Île-de-France	Tue Nov 25 00:00:00 UTC 2014	http://collections.mnhn.fr/ipt/resource.do?r=mnhn-zo	http://collections.mnhn.fr/ipt/resource.do?r=mnhn-zo	http://coldb.mnhn.fr/catalognumber/mnhn/zo/mo-1854-807									MO-1854-807	Afrique			Pays non identifié (Afrique)																																																				Indéterminé					Nil Blanc / Afrique de l'Est												http://coldb.mnhn.fr/catalognumber/mnhn/zo/mo-1854-807											Anonyme					Indéterminé								avant 1855																		MNHN	ZO			PreservedSpecimen												Turdoides fulva acaciae (M.H.K. Lichtenstein, 1823)																			(M.H.K. Lichtenstein, 1823)					
MNHN	Birds collection (ZO) of the Muséum national d'Histoire Naturelle (MNHN - Paris)		Patrick Boussès	http://collections.mnhn.fr/ipt/archive.do?r=mnhn-zo	bousses@mnhn.fr	http://collections.mnhn.fr/ipt/eml.do?r=mnhn-zo		ba0c03ab-fa61-4a3c-8db7-35c8c3454168	2cd829bb-b713-433d-99cf-64bef11e5b3e			no migrator	ORNIS,VertNet	France	Museum national d'Histoire naturelle	Île-de-France	Tue Nov 25 00:00:00 UTC 2014	http://collections.mnhn.fr/ipt/resource.do?r=mnhn-zo	http://collections.mnhn.fr/ipt/resource.do?r=mnhn-zo	http://coldb.mnhn.fr/catalognumber/mnhn/zo/mo-1888-1164									MO-1888-1164	Europe			France	FR	Gard		25	43.66	4.41									1880-4-25																																					Adulte					Camargue										4	Saint-Gilles	http://coldb.mnhn.fr/catalognumber/mnhn/zo/mo-1888-1164	Spécimen actuellement en prêt.										Anonyme					Mâle		Languedoc-Roussillon												1880												MNHN	ZO			PreservedSpecimen												Merops apiaster Linnaeus, 1758																			Linnaeus, 1758					
MNHN	Birds collection (ZO) of the Muséum national d'Histoire Naturelle (MNHN - Paris)		Patrick Boussès	http://collections.mnhn.fr/ipt/archive.do?r=mnhn-zo	bousses@mnhn.fr	http://collections.mnhn.fr/ipt/eml.do?r=mnhn-zo		ba0c03ab-fa61-4a3c-8db7-35c8c3454168	2cd829bb-b713-433d-99cf-64bef11e5b3e			no migrator	ORNIS,VertNet	France	Museum national d'Histoire naturelle	Île-de-France	Tue Nov 25 00:00:00 UTC 2014	http://collections.mnhn.fr/ipt/resource.do?r=mnhn-zo	http://collections.mnhn.fr/ipt/resource.do?r=mnhn-zo	http://coldb.mnhn.fr/catalognumber/mnhn/zo/mo-1881-2895									MO-1881-2895	Europe			France	FR	Pyrénées-Orientales			42.7	2.9																																														Indéterminé																Perpignan	http://coldb.mnhn.fr/catalognumber/mnhn/zo/mo-1881-2895											Germain, Rodolphe					Mâle		Languedoc-Roussillon						avant 1882																		MNHN	ZO			PreservedSpecimen												Motacilla flava flavissima (Blyth, 1834)																			(Blyth, 1834)					
MNHN	Birds collection (ZO) of the Muséum national d'Histoire Naturelle (MNHN - Paris)		Patrick Boussès	http://collections.mnhn.fr/ipt/archive.do?r=mnhn-zo	bousses@mnhn.fr	http://collections.mnhn.fr/ipt/eml.do?r=mnhn-zo		ba0c03ab-fa61-4a3c-8db7-35c8c3454168	2cd829bb-b713-433d-99cf-64bef11e5b3e			no migrator	ORNIS,VertNet	France	Museum national d'Histoire naturelle	Île-de-France	Tue Nov 25 00:00:00 UTC 2014	http://collections.mnhn.fr/ipt/resource.do?r=mnhn-zo	http://collections.mnhn.fr/ipt/resource.do?r=mnhn-zo	http://coldb.mnhn.fr/catalognumber/mnhn/zo/mo-1888-1308									MO-1888-1308	Europe			France	FR	Gard		1	43.83	4.34									1882-11-1																																					Adulte															11	Nîmes	http://coldb.mnhn.fr/catalognumber/mnhn/zo/mo-1888-1308											Anonyme					Mâle		Languedoc-Roussillon												1882												MNHN	ZO			PreservedSpecimen												Phoenicurus ochruros gibraltariensis (J.F. Gmelin, 1789)																			(J.F. Gmelin, 1789)					
MNHN	Birds collection (ZO) of the Muséum national d'Histoire Naturelle (MNHN - Paris)		Patrick Boussès	http://collections.mnhn.fr/ipt/archive.do?r=mnhn-zo	bousses@mnhn.fr	http://collections.mnhn.fr/ipt/eml.do?r=mnhn-zo		ba0c03ab-fa61-4a3c-8db7-35c8c3454168	2cd829bb-b713-433d-99cf-64bef11e5b3e			no migrator	ORNIS,VertNet	France	Museum national d'Histoire naturelle	Île-de-France	Tue Nov 25 00:00:00 UTC 2014	http://collections.mnhn.fr/ipt/resource.do?r=mnhn-zo	http://collections.mnhn.fr/ipt/resource.do?r=mnhn-zo	http://coldb.mnhn.fr/catalognumber/mnhn/zo/mo-1888-1104									MO-1888-1104	Europe			France	FR	Hérault		20	43.28	3.1									1886-7-20																																					Adulte															7	Nissan-lez-Enserune	http://coldb.mnhn.fr/catalognumber/mnhn/zo/mo-1888-1104	Noté Nissan (Hérault) sur le socle et le catalogue, devenu Nissan-lez-Enserune en 1950.										Anonyme					Femelle		Languedoc-Roussillon												1886												MNHN	ZO			PreservedSpecimen												Coccyzus erythropthalmus (A. Wilson, 1811)																			(A. Wilson, 1811)					
MNHN	Birds collection (ZO) of the Muséum national d'Histoire Naturelle (MNHN - Paris)		Patrick Boussès	http://collections.mnhn.fr/ipt/archive.do?r=mnhn-zo	bousses@mnhn.fr	http://collections.mnhn.fr/ipt/eml.do?r=mnhn-zo		ba0c03ab-fa61-4a3c-8db7-35c8c3454168	2cd829bb-b713-433d-99cf-64bef11e5b3e			no migrator	ORNIS,VertNet	France	Museum national d'Histoire naturelle	Île-de-France	Tue Nov 25 00:00:00 UTC 2014	http://collections.mnhn.fr/ipt/resource.do?r=mnhn-zo	http://collections.mnhn.fr/ipt/resource.do?r=mnhn-zo	http://coldb.mnhn.fr/catalognumber/mnhn/zo/mo-1888-2019									MO-1888-2019	Europe			Pologne	PL																																																			Adulte																	http://coldb.mnhn.fr/catalognumber/mnhn/zo/mo-1888-2019											Anonyme					Femelle								avant 1889																		MNHN	ZO			PreservedSpecimen												Pinicola enucleator enucleator (Linnaeus, 1758)																			(Linnaeus, 1758)					
MNHN	Birds collection (ZO) of the Muséum national d'Histoire Naturelle (MNHN - Paris)		Patrick Boussès	http://collections.mnhn.fr/ipt/archive.do?r=mnhn-zo	bousses@mnhn.fr	http://collections.mnhn.fr/ipt/eml.do?r=mnhn-zo		ba0c03ab-fa61-4a3c-8db7-35c8c3454168	2cd829bb-b713-433d-99cf-64bef11e5b3e			no migrator	ORNIS,VertNet	France	Museum national d'Histoire naturelle	Île-de-France	Tue Nov 25 00:00:00 UTC 2014	http://collections.mnhn.fr/ipt/resource.do?r=mnhn-zo	http://collections.mnhn.fr/ipt/resource.do?r=mnhn-zo	http://coldb.mnhn.fr/catalognumber/mnhn/zo/mo-1848-152									MO-1848-152	Asie			Pays non identifié (Asie)																																																				Indéterminé																	http://coldb.mnhn.fr/catalognumber/mnhn/zo/mo-1848-152											Courjon, Mr					Indéterminé								avant 1849																		MNHN	ZO			PreservedSpecimen												Pellorneum ruficeps Swainson, 1832																			Swainson, 1832					
MNHN	Birds collection (ZO) of the Muséum national d'Histoire Naturelle (MNHN - Paris)		Patrick Boussès	http://collections.mnhn.fr/ipt/archive.do?r=mnhn-zo	bousses@mnhn.fr	http://collections.mnhn.fr/ipt/eml.do?r=mnhn-zo		ba0c03ab-fa61-4a3c-8db7-35c8c3454168	2cd829bb-b713-433d-99cf-64bef11e5b3e			no migrator	ORNIS,VertNet	France	Museum national d'Histoire naturelle	Île-de-France	Tue Nov 25 00:00:00 UTC 2014	http://collections.mnhn.fr/ipt/resource.do?r=mnhn-zo	http://collections.mnhn.fr/ipt/resource.do?r=mnhn-zo	http://coldb.mnhn.fr/catalognumber/mnhn/zo/mo-1888-1098									MO-1888-1098	Europe			France	FR	Somme		31	50.25	1.62									1877-7-31																																					Juvénile					Baie de Somme										7	Le Crotoy	http://coldb.mnhn.fr/catalognumber/mnhn/zo/mo-1888-1098											Anonyme					Mâle		Picardie												1877												MNHN	ZO			PreservedSpecimen												Cuculus canorus canorus Linnaeus, 1758																			Linnaeus, 1758					
MNHN	Birds collection (ZO) of the Muséum national d'Histoire Naturelle (MNHN - Paris)		Patrick Boussès	http://collections.mnhn.fr/ipt/archive.do?r=mnhn-zo	bousses@mnhn.fr	http://collections.mnhn.fr/ipt/eml.do?r=mnhn-zo		ba0c03ab-fa61-4a3c-8db7-35c8c3454168	2cd829bb-b713-433d-99cf-64bef11e5b3e			no migrator	ORNIS,VertNet	France	Museum national d'Histoire naturelle	Île-de-France	Tue Nov 25 00:00:00 UTC 2014	http://collections.mnhn.fr/ipt/resource.do?r=mnhn-zo	http://collections.mnhn.fr/ipt/resource.do?r=mnhn-zo	http://coldb.mnhn.fr/catalognumber/mnhn/zo/mo-1888-1684									MO-1888-1684	Europe			France	FR	Pas-de-Calais		13	50.49	2.55									1886-1-13																																					Adulte															1	Bruay-la-Buissière	http://coldb.mnhn.fr/catalognumber/mnhn/zo/mo-1888-1684											Anonyme					Mâle		Nord-Pas-de-Calais												1886												MNHN	ZO			PreservedSpecimen												Motacilla cinerea cinerea Tunstall, 1771																			Tunstall, 1771					
MNHN	Birds collection (ZO) of the Muséum national d'Histoire Naturelle (MNHN - Paris)		Patrick Boussès	http://collections.mnhn.fr/ipt/archive.do?r=mnhn-zo	bousses@mnhn.fr	http://collections.mnhn.fr/ipt/eml.do?r=mnhn-zo		ba0c03ab-fa61-4a3c-8db7-35c8c3454168	2cd829bb-b713-433d-99cf-64bef11e5b3e			no migrator	ORNIS,VertNet	France	Museum national d'Histoire naturelle	Île-de-France	Tue Nov 25 00:00:00 UTC 2014	http://collections.mnhn.fr/ipt/resource.do?r=mnhn-zo	http://collections.mnhn.fr/ipt/resource.do?r=mnhn-zo	http://coldb.mnhn.fr/catalognumber/mnhn/zo/mo-1888-1921									MO-1888-1921	Europe			France	FR	Gironde		13	44.56	-1.18									1878-12-13																																					Adulte					Bassin d'Arcachon										12	Teste-de-Buch	http://coldb.mnhn.fr/catalognumber/mnhn/zo/mo-1888-1921											Anonyme					Mâle		Aquitaine												1878												MNHN	ZO			PreservedSpecimen												Fringilla montifringilla Linnaeus, 1758																			Linnaeus, 1758					
MNHN	Birds collection (ZO) of the Muséum national d'Histoire Naturelle (MNHN - Paris)		Patrick Boussès	http://collections.mnhn.fr/ipt/archive.do?r=mnhn-zo	bousses@mnhn.fr	http://collections.mnhn.fr/ipt/eml.do?r=mnhn-zo		ba0c03ab-fa61-4a3c-8db7-35c8c3454168	2cd829bb-b713-433d-99cf-64bef11e5b3e			no migrator	ORNIS,VertNet	France	Museum national d'Histoire naturelle	Île-de-France	Tue Nov 25 00:00:00 UTC 2014	http://collections.mnhn.fr/ipt/resource.do?r=mnhn-zo	http://collections.mnhn.fr/ipt/resource.do?r=mnhn-zo	http://coldb.mnhn.fr/catalognumber/mnhn/zo/mo-1888-1881									MO-1888-1881	Europe			France	FR	Bouches-du-Rhône		22	43.610865	4.475276									1879-12-22																																					Adulte		Albaron			Camargue									4	12	Arles	http://coldb.mnhn.fr/catalognumber/mnhn/zo/mo-1888-1881											Anonyme					Mâle		Provence-Alpes-Côte-d'Azur												1879												MNHN	ZO			PreservedSpecimen												Lanius meridionalis meridionalis Temminck, 1820																			Temminck, 1820					
MNHN	Birds collection (ZO) of the Muséum national d'Histoire Naturelle (MNHN - Paris)		Patrick Boussès	http://collections.mnhn.fr/ipt/archive.do?r=mnhn-zo	bousses@mnhn.fr	http://collections.mnhn.fr/ipt/eml.do?r=mnhn-zo		ba0c03ab-fa61-4a3c-8db7-35c8c3454168	2cd829bb-b713-433d-99cf-64bef11e5b3e			no migrator	ORNIS,VertNet	France	Museum national d'Histoire naturelle	Île-de-France	Tue Nov 25 00:00:00 UTC 2014	http://collections.mnhn.fr/ipt/resource.do?r=mnhn-zo	http://collections.mnhn.fr/ipt/resource.do?r=mnhn-zo	http://coldb.mnhn.fr/catalognumber/mnhn/zo/mo-1888-2039									MO-1888-2039	Europe			France	FR	Bouches-du-Rhône		25	43.61	4.87									1883-10-25																																					Adulte															10	Saint-Martin-de-Crau	http://coldb.mnhn.fr/catalognumber/mnhn/zo/mo-1888-2039											Anonyme					Femelle		Provence-Alpes-Côte-d'Azur												1883												MNHN	ZO			PreservedSpecimen												Loxia curvirostra curvirostra Linnaeus, 1758																			Linnaeus, 1758					
MNHN	Birds collection (ZO) of the Muséum national d'Histoire Naturelle (MNHN - Paris)		Patrick Boussès	http://collections.mnhn.fr/ipt/archive.do?r=mnhn-zo	bousses@mnhn.fr	http://collections.mnhn.fr/ipt/eml.do?r=mnhn-zo		ba0c03ab-fa61-4a3c-8db7-35c8c3454168	2cd829bb-b713-433d-99cf-64bef11e5b3e			no migrator	ORNIS,VertNet	France	Museum national d'Histoire naturelle	Île-de-France	Tue Nov 25 00:00:00 UTC 2014	http://collections.mnhn.fr/ipt/resource.do?r=mnhn-zo	http://collections.mnhn.fr/ipt/resource.do?r=mnhn-zo	http://coldb.mnhn.fr/catalognumber/mnhn/zo/mo-1888-1077									MO-1888-1077	Europe			Ukraine	UA																																																			Adulte		Kiev															http://coldb.mnhn.fr/catalognumber/mnhn/zo/mo-1888-1077											Anonyme					Femelle		Kiev						avant 1889																		MNHN	ZO			PreservedSpecimen												Bubo bubo (Linnaeus, 1758)																			(Linnaeus, 1758)					
MNHN	Birds collection (ZO) of the Muséum national d'Histoire Naturelle (MNHN - Paris)		Patrick Boussès	http://collections.mnhn.fr/ipt/archive.do?r=mnhn-zo	bousses@mnhn.fr	http://collections.mnhn.fr/ipt/eml.do?r=mnhn-zo		ba0c03ab-fa61-4a3c-8db7-35c8c3454168	2cd829bb-b713-433d-99cf-64bef11e5b3e			no migrator	ORNIS,VertNet	France	Museum national d'Histoire naturelle	Île-de-France	Tue Nov 25 00:00:00 UTC 2014	http://collections.mnhn.fr/ipt/resource.do?r=mnhn-zo	http://collections.mnhn.fr/ipt/resource.do?r=mnhn-zo	http://coldb.mnhn.fr/catalognumber/mnhn/zo/mo-1888-2086									MO-1888-2086	Europe			France	FR	Somme		24	50.25	1.62									1873-11-24																																					Adulte					Baie de Somme										11	Le Crotoy	http://coldb.mnhn.fr/catalognumber/mnhn/zo/mo-1888-2086											Anonyme					Mâle		Picardie												1873												MNHN	ZO			PreservedSpecimen												Plectrophenax nivalis (Linnaeus, 1758)																			(Linnaeus, 1758)					
MNHN	Birds collection (ZO) of the Muséum national d'Histoire Naturelle (MNHN - Paris)		Patrick Boussès	http://collections.mnhn.fr/ipt/archive.do?r=mnhn-zo	bousses@mnhn.fr	http://collections.mnhn.fr/ipt/eml.do?r=mnhn-zo		ba0c03ab-fa61-4a3c-8db7-35c8c3454168	2cd829bb-b713-433d-99cf-64bef11e5b3e			no migrator	ORNIS,VertNet	France	Museum national d'Histoire naturelle	Île-de-France	Tue Nov 25 00:00:00 UTC 2014	http://collections.mnhn.fr/ipt/resource.do?r=mnhn-zo	http://collections.mnhn.fr/ipt/resource.do?r=mnhn-zo	http://coldb.mnhn.fr/catalognumber/mnhn/zo/mo-1888-1680									MO-1888-1680	Europe			France	FR	Pyrénées-Atlantiques		18	43.09	-1.43									1871-3-18																																					Adulte															3	Aldudes	http://coldb.mnhn.fr/catalognumber/mnhn/zo/mo-1888-1680											Anonyme					Femelle		Aquitaine												1871												MNHN	ZO			PreservedSpecimen												Motacilla cinerea cinerea Tunstall, 1771																			Tunstall, 1771					
MNHN	Birds collection (ZO) of the Muséum national d'Histoire Naturelle (MNHN - Paris)		Patrick Boussès	http://collections.mnhn.fr/ipt/archive.do?r=mnhn-zo	bousses@mnhn.fr	http://collections.mnhn.fr/ipt/eml.do?r=mnhn-zo		ba0c03ab-fa61-4a3c-8db7-35c8c3454168	2cd829bb-b713-433d-99cf-64bef11e5b3e			no migrator	ORNIS,VertNet	France	Museum national d'Histoire naturelle	Île-de-France	Tue Nov 25 00:00:00 UTC 2014	http://collections.mnhn.fr/ipt/resource.do?r=mnhn-zo	http://collections.mnhn.fr/ipt/resource.do?r=mnhn-zo	http://coldb.mnhn.fr/catalognumber/mnhn/zo/mo-1888-1037									MO-1888-1037	Europe			France	FR	Gironde		29	44.56	-1.18									1876-4-29																																					Adulte					Bassin d'Arcachon										4	Teste-de-Buch	http://coldb.mnhn.fr/catalognumber/mnhn/zo/mo-1888-1037											Anonyme					Femelle		Aquitaine												1876												MNHN	ZO			PreservedSpecimen												Strix aluco sylvatica Shaw, 1809																			Shaw, 1809					
MNHN	Birds collection (ZO) of the Muséum national d'Histoire Naturelle (MNHN - Paris)		Patrick Boussès	http://collections.mnhn.fr/ipt/archive.do?r=mnhn-zo	bousses@mnhn.fr	http://collections.mnhn.fr/ipt/eml.do?r=mnhn-zo		ba0c03ab-fa61-4a3c-8db7-35c8c3454168	2cd829bb-b713-433d-99cf-64bef11e5b3e			no migrator	ORNIS,VertNet	France	Museum national d'Histoire naturelle	Île-de-France	Tue Nov 25 00:00:00 UTC 2014	http://collections.mnhn.fr/ipt/resource.do?r=mnhn-zo	http://collections.mnhn.fr/ipt/resource.do?r=mnhn-zo	http://coldb.mnhn.fr/catalognumber/mnhn/zo/mo-1888-932									MO-1888-932	Europe			France	FR	Pas-de-Calais		29	50.73	1.61									1881-12-29																																					Adulte															12	Boulogne-sur-Mer	http://coldb.mnhn.fr/catalognumber/mnhn/zo/mo-1888-932											Anonyme					Femelle		Nord-Pas-de-Calais												1881												MNHN	ZO			PreservedSpecimen												Accipiter gentilis gentilis (Linnaeus, 1758)																			(Linnaeus, 1758)					
MNHN	Birds collection (ZO) of the Muséum national d'Histoire Naturelle (MNHN - Paris)		Patrick Boussès	http://collections.mnhn.fr/ipt/archive.do?r=mnhn-zo	bousses@mnhn.fr	http://collections.mnhn.fr/ipt/eml.do?r=mnhn-zo		ba0c03ab-fa61-4a3c-8db7-35c8c3454168	2cd829bb-b713-433d-99cf-64bef11e5b3e			no migrator	ORNIS,VertNet	France	Museum national d'Histoire naturelle	Île-de-France	Tue Nov 25 00:00:00 UTC 2014	http://collections.mnhn.fr/ipt/resource.do?r=mnhn-zo	http://collections.mnhn.fr/ipt/resource.do?r=mnhn-zo	http://coldb.mnhn.fr/catalognumber/mnhn/zo/mo-1881-655									MO-1881-655	Asie			Malaisie	MY														1880-4																																					Indéterminé															4		http://coldb.mnhn.fr/catalognumber/mnhn/zo/mo-1881-655											Rolland de Kessang, Jean-Baptiste					Mâle		Malacca												1880												MNHN	ZO			PreservedSpecimen												Ficedula zanthopygia (Hay, 1845)																			(Hay, 1845)					
MNHN	Birds collection (ZO) of the Muséum national d'Histoire Naturelle (MNHN - Paris)		Patrick Boussès	http://collections.mnhn.fr/ipt/archive.do?r=mnhn-zo	bousses@mnhn.fr	http://collections.mnhn.fr/ipt/eml.do?r=mnhn-zo		ba0c03ab-fa61-4a3c-8db7-35c8c3454168	2cd829bb-b713-433d-99cf-64bef11e5b3e			no migrator	ORNIS,VertNet	France	Museum national d'Histoire naturelle	Île-de-France	Tue Nov 25 00:00:00 UTC 2014	http://collections.mnhn.fr/ipt/resource.do?r=mnhn-zo	http://collections.mnhn.fr/ipt/resource.do?r=mnhn-zo	http://coldb.mnhn.fr/catalognumber/mnhn/zo/mo-1886-837									MO-1886-837	Asie			Inde	IN																																																			Adulte					Himalaya												http://coldb.mnhn.fr/catalognumber/mnhn/zo/mo-1886-837											Harmand, Jules					Femelle								avant 1887																		MNHN	ZO			PreservedSpecimen												Niltava sundara sundara Hodgson, 1837																			Hodgson, 1837					
MNHN	Birds collection (ZO) of the Muséum national d'Histoire Naturelle (MNHN - Paris)		Patrick Boussès	http://collections.mnhn.fr/ipt/archive.do?r=mnhn-zo	bousses@mnhn.fr	http://collections.mnhn.fr/ipt/eml.do?r=mnhn-zo		ba0c03ab-fa61-4a3c-8db7-35c8c3454168	2cd829bb-b713-433d-99cf-64bef11e5b3e			no migrator	ORNIS,VertNet	France	Museum national d'Histoire naturelle	Île-de-France	Tue Nov 25 00:00:00 UTC 2014	http://collections.mnhn.fr/ipt/resource.do?r=mnhn-zo	http://collections.mnhn.fr/ipt/resource.do?r=mnhn-zo	http://coldb.mnhn.fr/catalognumber/mnhn/zo/mo-1880-331									MO-1880-331	Asie			Inde	IN																																																			Indéterminé																	http://coldb.mnhn.fr/catalognumber/mnhn/zo/mo-1880-331											de Souva, J.M.					Indéterminé								avant 1881																		MNHN	ZO			PreservedSpecimen												Myzornis pyrrhoura Blyth, 1843																			Blyth, 1843					
MNHN	Birds collection (ZO) of the Muséum national d'Histoire Naturelle (MNHN - Paris)		Patrick Boussès	http://collections.mnhn.fr/ipt/archive.do?r=mnhn-zo	bousses@mnhn.fr	http://collections.mnhn.fr/ipt/eml.do?r=mnhn-zo		ba0c03ab-fa61-4a3c-8db7-35c8c3454168	2cd829bb-b713-433d-99cf-64bef11e5b3e			no migrator	ORNIS,VertNet	France	Museum national d'Histoire naturelle	Île-de-France	Tue Nov 25 00:00:00 UTC 2014	http://collections.mnhn.fr/ipt/resource.do?r=mnhn-zo	http://collections.mnhn.fr/ipt/resource.do?r=mnhn-zo	http://coldb.mnhn.fr/catalognumber/mnhn/zo/mo-1888-2013									MO-1888-2013	Indéterminé			Pays non identifié																																																				Adulte		Indéterminée															http://coldb.mnhn.fr/catalognumber/mnhn/zo/mo-1888-2013											Anonyme					Mâle								avant 1889																		MNHN	ZO			PreservedSpecimen												Passer domesticus (Linnaeus, 1758)																			(Linnaeus, 1758)					
MNHN	Birds collection (ZO) of the Muséum national d'Histoire Naturelle (MNHN - Paris)		Patrick Boussès	http://collections.mnhn.fr/ipt/archive.do?r=mnhn-zo	bousses@mnhn.fr	http://collections.mnhn.fr/ipt/eml.do?r=mnhn-zo		ba0c03ab-fa61-4a3c-8db7-35c8c3454168	2cd829bb-b713-433d-99cf-64bef11e5b3e			no migrator	ORNIS,VertNet	France	Museum national d'Histoire naturelle	Île-de-France	Tue Nov 25 00:00:00 UTC 2014	http://collections.mnhn.fr/ipt/resource.do?r=mnhn-zo	http://collections.mnhn.fr/ipt/resource.do?r=mnhn-zo	http://coldb.mnhn.fr/catalognumber/mnhn/zo/mo-1882-2713									MO-1882-2713	Asie			Pays non identifié (Asie)																																																				Indéterminé																	http://coldb.mnhn.fr/catalognumber/mnhn/zo/mo-1882-2713											Pougnet					Indéterminé								avant 1883																		MNHN	ZO			PreservedSpecimen												Eumyias albicaudatus (Jerdon, 1840)																			(Jerdon, 1840)					
MNHN	Birds collection (ZO) of the Muséum national d'Histoire Naturelle (MNHN - Paris)		Patrick Boussès	http://collections.mnhn.fr/ipt/archive.do?r=mnhn-zo	bousses@mnhn.fr	http://collections.mnhn.fr/ipt/eml.do?r=mnhn-zo		ba0c03ab-fa61-4a3c-8db7-35c8c3454168	2cd829bb-b713-433d-99cf-64bef11e5b3e			no migrator	ORNIS,VertNet	France	Museum national d'Histoire naturelle	Île-de-France	Tue Nov 25 00:00:00 UTC 2014	http://collections.mnhn.fr/ipt/resource.do?r=mnhn-zo	http://collections.mnhn.fr/ipt/resource.do?r=mnhn-zo	http://coldb.mnhn.fr/catalognumber/mnhn/zo/mo-1888-2005									MO-1888-2005	Europe			France	FR	Somme		19	50.25	1.62									1878-9-19																																					Adulte					Baie de Somme										9	Le Crotoy	http://coldb.mnhn.fr/catalognumber/mnhn/zo/mo-1888-2005	Variation blanche.										Anonyme					Femelle		Picardie												1878												MNHN	ZO			PreservedSpecimen												Passer domesticus domesticus (Linnaeus, 1758)																			(Linnaeus, 1758)					
MNHN	Birds collection (ZO) of the Muséum national d'Histoire Naturelle (MNHN - Paris)		Patrick Boussès	http://collections.mnhn.fr/ipt/archive.do?r=mnhn-zo	bousses@mnhn.fr	http://collections.mnhn.fr/ipt/eml.do?r=mnhn-zo		ba0c03ab-fa61-4a3c-8db7-35c8c3454168	2cd829bb-b713-433d-99cf-64bef11e5b3e			no migrator	ORNIS,VertNet	France	Museum national d'Histoire naturelle	Île-de-France	Tue Nov 25 00:00:00 UTC 2014	http://collections.mnhn.fr/ipt/resource.do?r=mnhn-zo	http://collections.mnhn.fr/ipt/resource.do?r=mnhn-zo	http://coldb.mnhn.fr/catalognumber/mnhn/zo/mo-1881-2901									MO-1881-2901	Europe			France	FR																																																			Indéterminé																	http://coldb.mnhn.fr/catalognumber/mnhn/zo/mo-1881-2901	Localité quasi illisible : Himill ex l'air ?										Germain, Rodolphe					Indéterminé								avant 1882																		MNHN	ZO			PreservedSpecimen												Prunella modularis modularis (Linnaeus, 1758)																			(Linnaeus, 1758)					
MNHN	Birds collection (ZO) of the Muséum national d'Histoire Naturelle (MNHN - Paris)		Patrick Boussès	http://collections.mnhn.fr/ipt/archive.do?r=mnhn-zo	bousses@mnhn.fr	http://collections.mnhn.fr/ipt/eml.do?r=mnhn-zo		ba0c03ab-fa61-4a3c-8db7-35c8c3454168	2cd829bb-b713-433d-99cf-64bef11e5b3e			no migrator	ORNIS,VertNet	France	Museum national d'Histoire naturelle	Île-de-France	Tue Nov 25 00:00:00 UTC 2014	http://collections.mnhn.fr/ipt/resource.do?r=mnhn-zo	http://collections.mnhn.fr/ipt/resource.do?r=mnhn-zo	http://coldb.mnhn.fr/catalognumber/mnhn/zo/mo-1888-1734									MO-1888-1734	Europe			France	FR	Gard		1	43.66	4.41									1881-12-1																																					Adulte					Camargue										12	Saint-Gilles	http://coldb.mnhn.fr/catalognumber/mnhn/zo/mo-1888-1734											Anonyme					Mâle		Languedoc-Roussillon												1881												MNHN	ZO			PreservedSpecimen												Anthus spinoletta spinoletta (Linnaeus, 1758)																			(Linnaeus, 1758)					
MNHN	Birds collection (ZO) of the Muséum national d'Histoire Naturelle (MNHN - Paris)		Patrick Boussès	http://collections.mnhn.fr/ipt/archive.do?r=mnhn-zo	bousses@mnhn.fr	http://collections.mnhn.fr/ipt/eml.do?r=mnhn-zo		ba0c03ab-fa61-4a3c-8db7-35c8c3454168	2cd829bb-b713-433d-99cf-64bef11e5b3e			no migrator	ORNIS,VertNet	France	Museum national d'Histoire naturelle	Île-de-France	Tue Nov 25 00:00:00 UTC 2014	http://collections.mnhn.fr/ipt/resource.do?r=mnhn-zo	http://collections.mnhn.fr/ipt/resource.do?r=mnhn-zo	http://coldb.mnhn.fr/catalognumber/mnhn/zo/mo-1852-218									MO-1852-218	Europe			France	FR	Alpes-de-Haute-Provence		15											1851-10-15																																					Adulte															10		http://coldb.mnhn.fr/catalognumber/mnhn/zo/mo-1852-218											Bailly, Jean-Baptiste					Femelle		Provence-Alpes-Côte-d'Azur												1851												MNHN	ZO			PreservedSpecimen												Parus cristatus mitratus C.L. Brehm, 1831																			C.L. Brehm, 1831					
MNHN	Birds collection (ZO) of the Muséum national d'Histoire Naturelle (MNHN - Paris)		Patrick Boussès	http://collections.mnhn.fr/ipt/archive.do?r=mnhn-zo	bousses@mnhn.fr	http://collections.mnhn.fr/ipt/eml.do?r=mnhn-zo		ba0c03ab-fa61-4a3c-8db7-35c8c3454168	2cd829bb-b713-433d-99cf-64bef11e5b3e			no migrator	ORNIS,VertNet	France	Museum national d'Histoire naturelle	Île-de-France	Tue Nov 25 00:00:00 UTC 2014	http://collections.mnhn.fr/ipt/resource.do?r=mnhn-zo	http://collections.mnhn.fr/ipt/resource.do?r=mnhn-zo	http://coldb.mnhn.fr/catalognumber/mnhn/zo/mo-1880-324									MO-1880-324	Asie			Inde	IN	Darjeeling																																																		Indéterminé																	http://coldb.mnhn.fr/catalognumber/mnhn/zo/mo-1880-324											de Souva, J.M.					Indéterminé		West Bengal						avant 1881																		MNHN	ZO			PreservedSpecimen												Minla ignotincta ignotincta Hodgson, 1837																			Hodgson, 1837					
MNHN	Birds collection (ZO) of the Muséum national d'Histoire Naturelle (MNHN - Paris)		Patrick Boussès	http://collections.mnhn.fr/ipt/archive.do?r=mnhn-zo	bousses@mnhn.fr	http://collections.mnhn.fr/ipt/eml.do?r=mnhn-zo		ba0c03ab-fa61-4a3c-8db7-35c8c3454168	2cd829bb-b713-433d-99cf-64bef11e5b3e			no migrator	ORNIS,VertNet	France	Museum national d'Histoire naturelle	Île-de-France	Tue Nov 25 00:00:00 UTC 2014	http://collections.mnhn.fr/ipt/resource.do?r=mnhn-zo	http://collections.mnhn.fr/ipt/resource.do?r=mnhn-zo	http://coldb.mnhn.fr/catalognumber/mnhn/zo/mo-1880-323									MO-1880-323	Asie			Inde	IN																																																			Indéterminé																	http://coldb.mnhn.fr/catalognumber/mnhn/zo/mo-1880-323											de Souva, J.M.					Indéterminé								avant 1881																		MNHN	ZO			PreservedSpecimen												Minla ignotincta ignotincta Hodgson, 1837																			Hodgson, 1837					
MNHN	Birds collection (ZO) of the Muséum national d'Histoire Naturelle (MNHN - Paris)		Patrick Boussès	http://collections.mnhn.fr/ipt/archive.do?r=mnhn-zo	bousses@mnhn.fr	http://collections.mnhn.fr/ipt/eml.do?r=mnhn-zo		ba0c03ab-fa61-4a3c-8db7-35c8c3454168	2cd829bb-b713-433d-99cf-64bef11e5b3e			no migrator	ORNIS,VertNet	France	Museum national d'Histoire naturelle	Île-de-France	Tue Nov 25 00:00:00 UTC 2014	http://collections.mnhn.fr/ipt/resource.do?r=mnhn-zo	http://collections.mnhn.fr/ipt/resource.do?r=mnhn-zo	http://coldb.mnhn.fr/catalognumber/mnhn/zo/mo-1888-1655									MO-1888-1655	Europe			France	FR	Loire-Atlantique		14	47.09	-2.03									1880-8-14																																					Juvénile					Baie de Bourgneuf										8	La Bernerie-en-Retz	http://coldb.mnhn.fr/catalognumber/mnhn/zo/mo-1888-1655	Commune nommée La Bernerie auparavant, devenu La Bernerie-en-Retz en 1949.										Anonyme					Femelle		Pays-de-Loire												1880												MNHN	ZO			PreservedSpecimen												Upupa epops epops Linnaeus, 1758																			Linnaeus, 1758					
MNHN	Birds collection (ZO) of the Muséum national d'Histoire Naturelle (MNHN - Paris)		Patrick Boussès	http://collections.mnhn.fr/ipt/archive.do?r=mnhn-zo	bousses@mnhn.fr	http://collections.mnhn.fr/ipt/eml.do?r=mnhn-zo		ba0c03ab-fa61-4a3c-8db7-35c8c3454168	2cd829bb-b713-433d-99cf-64bef11e5b3e			no migrator	ORNIS,VertNet	France	Museum national d'Histoire naturelle	Île-de-France	Tue Nov 25 00:00:00 UTC 2014	http://collections.mnhn.fr/ipt/resource.do?r=mnhn-zo	http://collections.mnhn.fr/ipt/resource.do?r=mnhn-zo	http://coldb.mnhn.fr/catalognumber/mnhn/zo/mo-1880-2651									MO-1880-2651	Afrique			Madagascar	MG	Toamasina Rural			-17.68475	49.50869																																														Indéterminé		Environs de Mahavelona												41		Mahavelona	http://coldb.mnhn.fr/catalognumber/mnhn/zo/mo-1880-2651											Humblot, Léon					Indéterminé		Atsinanana						avant 1881																		MNHN	ZO			PreservedSpecimen												Mystacornis crossleyi (A. Grandidier, 1870)																			(A. Grandidier, 1870)					
MNHN	Birds collection (ZO) of the Muséum national d'Histoire Naturelle (MNHN - Paris)		Patrick Boussès	http://collections.mnhn.fr/ipt/archive.do?r=mnhn-zo	bousses@mnhn.fr	http://collections.mnhn.fr/ipt/eml.do?r=mnhn-zo		ba0c03ab-fa61-4a3c-8db7-35c8c3454168	2cd829bb-b713-433d-99cf-64bef11e5b3e			no migrator	ORNIS,VertNet	France	Museum national d'Histoire naturelle	Île-de-France	Tue Nov 25 00:00:00 UTC 2014	http://collections.mnhn.fr/ipt/resource.do?r=mnhn-zo	http://collections.mnhn.fr/ipt/resource.do?r=mnhn-zo	http://coldb.mnhn.fr/catalognumber/mnhn/zo/mo-1870-148									MO-1870-148	Asie			Pays non identifié (Asie)				30											1870-1-30																																					Indéterminé															1		http://coldb.mnhn.fr/catalognumber/mnhn/zo/mo-1870-148	Iris rouge.										Anonyme					Indéterminé														1870												MNHN	ZO			PreservedSpecimen												Pomatorhinus ruficollis stridulus Swinhoe, 1861																			Swinhoe, 1861					
MNHN	Birds collection (ZO) of the Muséum national d'Histoire Naturelle (MNHN - Paris)		Patrick Boussès	http://collections.mnhn.fr/ipt/archive.do?r=mnhn-zo	bousses@mnhn.fr	http://collections.mnhn.fr/ipt/eml.do?r=mnhn-zo		ba0c03ab-fa61-4a3c-8db7-35c8c3454168	2cd829bb-b713-433d-99cf-64bef11e5b3e			no migrator	ORNIS,VertNet	France	Museum national d'Histoire naturelle	Île-de-France	Tue Nov 25 00:00:00 UTC 2014	http://collections.mnhn.fr/ipt/resource.do?r=mnhn-zo	http://collections.mnhn.fr/ipt/resource.do?r=mnhn-zo	http://coldb.mnhn.fr/catalognumber/mnhn/zo/mo-1888-2137									MO-1888-2137	Europe			France	FR	Gironde		4	44.72	-1.23									1873-5-4																																					Adulte					Bassin d'Arcachon										5	Lège-Cap-Ferret	http://coldb.mnhn.fr/catalognumber/mnhn/zo/mo-1888-2137											Anonyme					Mâle		Aquitaine												1873												MNHN	ZO			PreservedSpecimen												Emberiza hortulana Linnaeus, 1758																			Linnaeus, 1758					
MNHN	Birds collection (ZO) of the Muséum national d'Histoire Naturelle (MNHN - Paris)		Patrick Boussès	http://collections.mnhn.fr/ipt/archive.do?r=mnhn-zo	bousses@mnhn.fr	http://collections.mnhn.fr/ipt/eml.do?r=mnhn-zo		ba0c03ab-fa61-4a3c-8db7-35c8c3454168	2cd829bb-b713-433d-99cf-64bef11e5b3e			no migrator	ORNIS,VertNet	France	Museum national d'Histoire naturelle	Île-de-France	Tue Nov 25 00:00:00 UTC 2014	http://collections.mnhn.fr/ipt/resource.do?r=mnhn-zo	http://collections.mnhn.fr/ipt/resource.do?r=mnhn-zo	http://coldb.mnhn.fr/catalognumber/mnhn/zo/mo-1888-1804									MO-1888-1804	Europe			France	FR	Somme		24	50.25	1.62									1886-1-24																																					Adulte					Baie de Somme										1	Le Crotoy	http://coldb.mnhn.fr/catalognumber/mnhn/zo/mo-1888-1804											Anonyme					Mâle		Picardie												1886												MNHN	ZO			PreservedSpecimen												Eremophila alpestris flava (J.F. Gmelin, 1789)																			(J.F. Gmelin, 1789)					
MNHN	Birds collection (ZO) of the Muséum national d'Histoire Naturelle (MNHN - Paris)		Patrick Boussès	http://collections.mnhn.fr/ipt/archive.do?r=mnhn-zo	bousses@mnhn.fr	http://collections.mnhn.fr/ipt/eml.do?r=mnhn-zo		ba0c03ab-fa61-4a3c-8db7-35c8c3454168	2cd829bb-b713-433d-99cf-64bef11e5b3e			no migrator	ORNIS,VertNet	France	Museum national d'Histoire naturelle	Île-de-France	Tue Nov 25 00:00:00 UTC 2014	http://collections.mnhn.fr/ipt/resource.do?r=mnhn-zo	http://collections.mnhn.fr/ipt/resource.do?r=mnhn-zo	http://coldb.mnhn.fr/catalognumber/mnhn/zo/mo-1882-2712									MO-1882-2712	Asie			Pays non identifié (Asie)																																																				Indéterminé																	http://coldb.mnhn.fr/catalognumber/mnhn/zo/mo-1882-2712											Pougnet					Indéterminé								avant 1883																		MNHN	ZO			PreservedSpecimen												Eumyias albicaudatus (Jerdon, 1840)																			(Jerdon, 1840)					
MNHN	Birds collection (ZO) of the Muséum national d'Histoire Naturelle (MNHN - Paris)		Patrick Boussès	http://collections.mnhn.fr/ipt/archive.do?r=mnhn-zo	bousses@mnhn.fr	http://collections.mnhn.fr/ipt/eml.do?r=mnhn-zo		ba0c03ab-fa61-4a3c-8db7-35c8c3454168	2cd829bb-b713-433d-99cf-64bef11e5b3e			no migrator	ORNIS,VertNet	France	Museum national d'Histoire naturelle	Île-de-France	Tue Nov 25 00:00:00 UTC 2014	http://collections.mnhn.fr/ipt/resource.do?r=mnhn-zo	http://collections.mnhn.fr/ipt/resource.do?r=mnhn-zo	http://coldb.mnhn.fr/catalognumber/mnhn/zo/mo-1879-583									MO-1879-583	Asie			Inde	IN	Darjeeling																																																		Indéterminé																	http://coldb.mnhn.fr/catalognumber/mnhn/zo/mo-1879-583											Anonyme					Indéterminé		West Bengal						avant 1880																		MNHN	ZO			PreservedSpecimen												Garrulax caerulatus caerulatus (Hodgson, 1836)																			(Hodgson, 1836)					
MNHN	Birds collection (ZO) of the Muséum national d'Histoire Naturelle (MNHN - Paris)		Patrick Boussès	http://collections.mnhn.fr/ipt/archive.do?r=mnhn-zo	bousses@mnhn.fr	http://collections.mnhn.fr/ipt/eml.do?r=mnhn-zo		ba0c03ab-fa61-4a3c-8db7-35c8c3454168	2cd829bb-b713-433d-99cf-64bef11e5b3e			no migrator	ORNIS,VertNet	France	Museum national d'Histoire naturelle	Île-de-France	Tue Nov 25 00:00:00 UTC 2014	http://collections.mnhn.fr/ipt/resource.do?r=mnhn-zo	http://collections.mnhn.fr/ipt/resource.do?r=mnhn-zo	http://coldb.mnhn.fr/catalognumber/mnhn/zo/mo-1888-1878									MO-1888-1878	Europe			France	FR	Gard		3	43.83	4.34									1886-2-3																																					Adulte															2	Nîmes	http://coldb.mnhn.fr/catalognumber/mnhn/zo/mo-1888-1878											Anonyme					Mâle		Languedoc-Roussillon												1886												MNHN	ZO			PreservedSpecimen												Lanius excubitor excubitor Linnaeus, 1758																			Linnaeus, 1758					
MNHN	Birds collection (ZO) of the Muséum national d'Histoire Naturelle (MNHN - Paris)		Patrick Boussès	http://collections.mnhn.fr/ipt/archive.do?r=mnhn-zo	bousses@mnhn.fr	http://collections.mnhn.fr/ipt/eml.do?r=mnhn-zo		ba0c03ab-fa61-4a3c-8db7-35c8c3454168	2cd829bb-b713-433d-99cf-64bef11e5b3e			no migrator	ORNIS,VertNet	France	Museum national d'Histoire naturelle	Île-de-France	Tue Nov 25 00:00:00 UTC 2014	http://collections.mnhn.fr/ipt/resource.do?r=mnhn-zo	http://collections.mnhn.fr/ipt/resource.do?r=mnhn-zo	http://coldb.mnhn.fr/catalognumber/mnhn/zo/mo-1885-121									MO-1885-121	Afrique			Tanzanie	TZ	Kondoa																																																		Indéterminé		Kondoa															http://coldb.mnhn.fr/catalognumber/mnhn/zo/mo-1885-121											Bloyet, A. (Cap)					Femelle		Dodoma						avant 1886																		MNHN	ZO			PreservedSpecimen												Melaenornis pallidus murinus (Hartlaub & Finsch, 1870)																			(Hartlaub & Finsch, 1870)					
MNHN	Birds collection (ZO) of the Muséum national d'Histoire Naturelle (MNHN - Paris)		Patrick Boussès	http://collections.mnhn.fr/ipt/archive.do?r=mnhn-zo	bousses@mnhn.fr	http://collections.mnhn.fr/ipt/eml.do?r=mnhn-zo		ba0c03ab-fa61-4a3c-8db7-35c8c3454168	2cd829bb-b713-433d-99cf-64bef11e5b3e			no migrator	ORNIS,VertNet	France	Museum national d'Histoire naturelle	Île-de-France	Tue Nov 25 00:00:00 UTC 2014	http://collections.mnhn.fr/ipt/resource.do?r=mnhn-zo	http://collections.mnhn.fr/ipt/resource.do?r=mnhn-zo	http://coldb.mnhn.fr/catalognumber/mnhn/zo/mo-1858-958									MO-1858-958	Europe			France	FR	Gard			43.54	4.2																																														Indéterminé					Camargue											Aigues-Mortes	http://coldb.mnhn.fr/catalognumber/mnhn/zo/mo-1858-958											Parzudaki, Emile					Mâle		Languedoc-Roussillon						avant 1859																		MNHN	ZO			PreservedSpecimen												Emberiza schoeniclus (Linnaeus, 1758)																			(Linnaeus, 1758)					
MNHN	Birds collection (ZO) of the Muséum national d'Histoire Naturelle (MNHN - Paris)		Patrick Boussès	http://collections.mnhn.fr/ipt/archive.do?r=mnhn-zo	bousses@mnhn.fr	http://collections.mnhn.fr/ipt/eml.do?r=mnhn-zo		ba0c03ab-fa61-4a3c-8db7-35c8c3454168	2cd829bb-b713-433d-99cf-64bef11e5b3e			no migrator	ORNIS,VertNet	France	Museum national d'Histoire naturelle	Île-de-France	Tue Nov 25 00:00:00 UTC 2014	http://collections.mnhn.fr/ipt/resource.do?r=mnhn-zo	http://collections.mnhn.fr/ipt/resource.do?r=mnhn-zo	http://coldb.mnhn.fr/catalognumber/mnhn/zo/mo-1888-1970									MO-1888-1970	Europe			France	FR	Gironde		7	44.56	-1.18									1878-4-7																																					Adulte					Bassin d'Arcachon										4	Teste-de-Buch	http://coldb.mnhn.fr/catalognumber/mnhn/zo/mo-1888-1970											Anonyme					Femelle		Aquitaine												1878												MNHN	ZO			PreservedSpecimen												Carduelis cannabina cannabina (Linnaeus, 1758)																			(Linnaeus, 1758)					
MNHN	Birds collection (ZO) of the Muséum national d'Histoire Naturelle (MNHN - Paris)		Patrick Boussès	http://collections.mnhn.fr/ipt/archive.do?r=mnhn-zo	bousses@mnhn.fr	http://collections.mnhn.fr/ipt/eml.do?r=mnhn-zo		ba0c03ab-fa61-4a3c-8db7-35c8c3454168	2cd829bb-b713-433d-99cf-64bef11e5b3e			no migrator	ORNIS,VertNet	France	Museum national d'Histoire naturelle	Île-de-France	Tue Nov 25 00:00:00 UTC 2014	http://collections.mnhn.fr/ipt/resource.do?r=mnhn-zo	http://collections.mnhn.fr/ipt/resource.do?r=mnhn-zo	http://coldb.mnhn.fr/catalognumber/mnhn/zo/mo-1881-2887									MO-1881-2887	Europe			France	FR																																																			Indéterminé																	http://coldb.mnhn.fr/catalognumber/mnhn/zo/mo-1881-2887											Germain, Rodolphe					Indéterminé								avant 1882																		MNHN	ZO			PreservedSpecimen												Troglodytes troglodytes (Linnaeus, 1758)																			(Linnaeus, 1758)					
MNHN	Birds collection (ZO) of the Muséum national d'Histoire Naturelle (MNHN - Paris)		Patrick Boussès	http://collections.mnhn.fr/ipt/archive.do?r=mnhn-zo	bousses@mnhn.fr	http://collections.mnhn.fr/ipt/eml.do?r=mnhn-zo		ba0c03ab-fa61-4a3c-8db7-35c8c3454168	2cd829bb-b713-433d-99cf-64bef11e5b3e			no migrator	ORNIS,VertNet	France	Museum national d'Histoire naturelle	Île-de-France	Tue Nov 25 00:00:00 UTC 2014	http://collections.mnhn.fr/ipt/resource.do?r=mnhn-zo	http://collections.mnhn.fr/ipt/resource.do?r=mnhn-zo	http://coldb.mnhn.fr/catalognumber/mnhn/zo/mo-1851-240									MO-1851-240	Asie			Chine	CN														1851																																					Indéterminé																	http://coldb.mnhn.fr/catalognumber/mnhn/zo/mo-1851-240											de Montigny, Charles					Indéterminé														1851												MNHN	ZO			PreservedSpecimen												Ficedula mugimaki (Temminck, 1836)																			(Temminck, 1836)					
MNHN	Birds collection (ZO) of the Muséum national d'Histoire Naturelle (MNHN - Paris)		Patrick Boussès	http://collections.mnhn.fr/ipt/archive.do?r=mnhn-zo	bousses@mnhn.fr	http://collections.mnhn.fr/ipt/eml.do?r=mnhn-zo		ba0c03ab-fa61-4a3c-8db7-35c8c3454168	2cd829bb-b713-433d-99cf-64bef11e5b3e			no migrator	ORNIS,VertNet	France	Museum national d'Histoire naturelle	Île-de-France	Tue Nov 25 00:00:00 UTC 2014	http://collections.mnhn.fr/ipt/resource.do?r=mnhn-zo	http://collections.mnhn.fr/ipt/resource.do?r=mnhn-zo	http://coldb.mnhn.fr/catalognumber/mnhn/zo/mo-1881-2897									MO-1881-2897	Europe			France	FR	Oise			49.22	2.59																																														Indéterminé																Senlis	http://coldb.mnhn.fr/catalognumber/mnhn/zo/mo-1881-2897											Germain, Rodolphe					Indéterminé		Picardie						avant 1882																		MNHN	ZO			PreservedSpecimen												Anthus trivialis trivialis (Linnaeus, 1758)																			(Linnaeus, 1758)					
MNHN	Birds collection (ZO) of the Muséum national d'Histoire Naturelle (MNHN - Paris)		Patrick Boussès	http://collections.mnhn.fr/ipt/archive.do?r=mnhn-zo	bousses@mnhn.fr	http://collections.mnhn.fr/ipt/eml.do?r=mnhn-zo		ba0c03ab-fa61-4a3c-8db7-35c8c3454168	2cd829bb-b713-433d-99cf-64bef11e5b3e			no migrator	ORNIS,VertNet	France	Museum national d'Histoire naturelle	Île-de-France	Tue Nov 25 00:00:00 UTC 2014	http://collections.mnhn.fr/ipt/resource.do?r=mnhn-zo	http://collections.mnhn.fr/ipt/resource.do?r=mnhn-zo	http://coldb.mnhn.fr/catalognumber/mnhn/zo/mo-1888-1927									MO-1888-1927	Europe			France	FR	Loire-Atlantique		10	47.09	-2.03									1879-1-10																																					Adulte					Baie de Bourgneuf										1	La Bernerie-en-Retz	http://coldb.mnhn.fr/catalognumber/mnhn/zo/mo-1888-1927	Commune nommée La Bernerie auparavant, devenu La Bernerie-en-Retz en 1949.										Anonyme					Femelle		Pays-de-Loire												1879												MNHN	ZO			PreservedSpecimen												Fringilla montifringilla Linnaeus, 1758																			Linnaeus, 1758					
MNHN	Birds collection (ZO) of the Muséum national d'Histoire Naturelle (MNHN - Paris)		Patrick Boussès	http://collections.mnhn.fr/ipt/archive.do?r=mnhn-zo	bousses@mnhn.fr	http://collections.mnhn.fr/ipt/eml.do?r=mnhn-zo		ba0c03ab-fa61-4a3c-8db7-35c8c3454168	2cd829bb-b713-433d-99cf-64bef11e5b3e			no migrator	ORNIS,VertNet	France	Museum national d'Histoire naturelle	Île-de-France	Tue Nov 25 00:00:00 UTC 2014	http://collections.mnhn.fr/ipt/resource.do?r=mnhn-zo	http://collections.mnhn.fr/ipt/resource.do?r=mnhn-zo	http://coldb.mnhn.fr/catalognumber/mnhn/zo/mo-1888-1280									MO-1888-1280	Europe			France	FR	Vendée		23	46.98	-2.01									1879-4-23																																					Adulte					Baie de Bourgneuf										4	Bouin	http://coldb.mnhn.fr/catalognumber/mnhn/zo/mo-1888-1280											Anonyme					Mâle		Pays-de-Loire												1879												MNHN	ZO			PreservedSpecimen												Luscinia svecica cyanecula (Meisner, 1804)																			(Meisner, 1804)					
MNHN	Birds collection (ZO) of the Muséum national d'Histoire Naturelle (MNHN - Paris)		Patrick Boussès	http://collections.mnhn.fr/ipt/archive.do?r=mnhn-zo	bousses@mnhn.fr	http://collections.mnhn.fr/ipt/eml.do?r=mnhn-zo		ba0c03ab-fa61-4a3c-8db7-35c8c3454168	2cd829bb-b713-433d-99cf-64bef11e5b3e			no migrator	ORNIS,VertNet	France	Museum national d'Histoire naturelle	Île-de-France	Tue Nov 25 00:00:00 UTC 2014	http://collections.mnhn.fr/ipt/resource.do?r=mnhn-zo	http://collections.mnhn.fr/ipt/resource.do?r=mnhn-zo	http://coldb.mnhn.fr/catalognumber/mnhn/zo/mo-1881-3087									MO-1881-3087	Europe			France	FR	Hautes-Pyrénées			42.87	.11																																														Adulte																Barèges	http://coldb.mnhn.fr/catalognumber/mnhn/zo/mo-1881-3087											Germain, Rodolphe					Mâle		Midi-Pyrénées						avant 1882																		MNHN	ZO			PreservedSpecimen												Pyrrhocorax graculus graculus (Linnaeus, 1766)																			(Linnaeus, 1766)					
MNHN	Birds collection (ZO) of the Muséum national d'Histoire Naturelle (MNHN - Paris)		Patrick Boussès	http://collections.mnhn.fr/ipt/archive.do?r=mnhn-zo	bousses@mnhn.fr	http://collections.mnhn.fr/ipt/eml.do?r=mnhn-zo		ba0c03ab-fa61-4a3c-8db7-35c8c3454168	2cd829bb-b713-433d-99cf-64bef11e5b3e			no migrator	ORNIS,VertNet	France	Museum national d'Histoire naturelle	Île-de-France	Tue Nov 25 00:00:00 UTC 2014	http://collections.mnhn.fr/ipt/resource.do?r=mnhn-zo	http://collections.mnhn.fr/ipt/resource.do?r=mnhn-zo	http://coldb.mnhn.fr/catalognumber/mnhn/zo/mo-1886-823									MO-1886-823	Asie			Inde	IN																																																			Indéterminé					Himalaya												http://coldb.mnhn.fr/catalognumber/mnhn/zo/mo-1886-823											Harmand, Jules					Femelle								avant 1887																		MNHN	ZO			PreservedSpecimen												Stachyris ruficeps ruficeps Blyth, 1847																			Blyth, 1847					
MNHN	Birds collection (ZO) of the Muséum national d'Histoire Naturelle (MNHN - Paris)		Patrick Boussès	http://collections.mnhn.fr/ipt/archive.do?r=mnhn-zo	bousses@mnhn.fr	http://collections.mnhn.fr/ipt/eml.do?r=mnhn-zo		ba0c03ab-fa61-4a3c-8db7-35c8c3454168	2cd829bb-b713-433d-99cf-64bef11e5b3e			no migrator	ORNIS,VertNet	France	Museum national d'Histoire naturelle	Île-de-France	Tue Nov 25 00:00:00 UTC 2014	http://collections.mnhn.fr/ipt/resource.do?r=mnhn-zo	http://collections.mnhn.fr/ipt/resource.do?r=mnhn-zo	http://coldb.mnhn.fr/catalognumber/mnhn/zo/mo-1882-680									MO-1882-680	Asie			Viet Nam	VN			27											1864-3-27																																					Indéterminé					Cochinchine										3		http://coldb.mnhn.fr/catalognumber/mnhn/zo/mo-1882-680	Iris brun, bec noir, pattes gris corne.										Germain, Rodolphe	34				Mâle														1864												MNHN	ZO			PreservedSpecimen												Timalia pileata pileata Horsfield, 1821																			Horsfield, 1821					
MNHN	Birds collection (ZO) of the Muséum national d'Histoire Naturelle (MNHN - Paris)		Patrick Boussès	http://collections.mnhn.fr/ipt/archive.do?r=mnhn-zo	bousses@mnhn.fr	http://collections.mnhn.fr/ipt/eml.do?r=mnhn-zo		ba0c03ab-fa61-4a3c-8db7-35c8c3454168	2cd829bb-b713-433d-99cf-64bef11e5b3e			no migrator	ORNIS,VertNet	France	Museum national d'Histoire naturelle	Île-de-France	Tue Nov 25 00:00:00 UTC 2014	http://collections.mnhn.fr/ipt/resource.do?r=mnhn-zo	http://collections.mnhn.fr/ipt/resource.do?r=mnhn-zo	http://coldb.mnhn.fr/catalognumber/mnhn/zo/mo-1888-1946									MO-1888-1946	Europe			France	FR	Yonne		14	47.87	3.8									1878-2-14																																					Adulte															2	Maligny	http://coldb.mnhn.fr/catalognumber/mnhn/zo/mo-1888-1946											Anonyme					Mâle		Bourgogne												1878												MNHN	ZO			PreservedSpecimen												Spinus spinus (Linnaeus, 1758)																			(Linnaeus, 1758)					
MNHN	Birds collection (ZO) of the Muséum national d'Histoire Naturelle (MNHN - Paris)		Patrick Boussès	http://collections.mnhn.fr/ipt/archive.do?r=mnhn-zo	bousses@mnhn.fr	http://collections.mnhn.fr/ipt/eml.do?r=mnhn-zo		ba0c03ab-fa61-4a3c-8db7-35c8c3454168	2cd829bb-b713-433d-99cf-64bef11e5b3e			no migrator	ORNIS,VertNet	France	Museum national d'Histoire naturelle	Île-de-France	Tue Nov 25 00:00:00 UTC 2014	http://collections.mnhn.fr/ipt/resource.do?r=mnhn-zo	http://collections.mnhn.fr/ipt/resource.do?r=mnhn-zo	http://coldb.mnhn.fr/catalognumber/mnhn/zo/mo-1886-825									MO-1886-825	Asie			Inde	IN																																																			Indéterminé					Himalaya												http://coldb.mnhn.fr/catalognumber/mnhn/zo/mo-1886-825											Harmand, Jules					Indéterminé								avant 1887																		MNHN	ZO			PreservedSpecimen												Yuhina flavicollis flavicollis Hodgson, 1836																			Hodgson, 1836					
MNHN	Birds collection (ZO) of the Muséum national d'Histoire Naturelle (MNHN - Paris)		Patrick Boussès	http://collections.mnhn.fr/ipt/archive.do?r=mnhn-zo	bousses@mnhn.fr	http://collections.mnhn.fr/ipt/eml.do?r=mnhn-zo		ba0c03ab-fa61-4a3c-8db7-35c8c3454168	2cd829bb-b713-433d-99cf-64bef11e5b3e			no migrator	ORNIS,VertNet	France	Museum national d'Histoire naturelle	Île-de-France	Tue Nov 25 00:00:00 UTC 2014	http://collections.mnhn.fr/ipt/resource.do?r=mnhn-zo	http://collections.mnhn.fr/ipt/resource.do?r=mnhn-zo	http://coldb.mnhn.fr/catalognumber/mnhn/zo/mo-1888-1241									MO-1888-1241	Europe			France	FR	Hautes-Pyrénées		30	42.98	.09									1879-4-30																																					Adulte															4	Bagnères-de-Bigorre	http://coldb.mnhn.fr/catalognumber/mnhn/zo/mo-1888-1241											Anonyme					Femelle		Midi-Pyrénées												1879												MNHN	ZO			PreservedSpecimen												Turdus torquatus torquatus Linnaeus, 1758																			Linnaeus, 1758					
MNHN	Birds collection (ZO) of the Muséum national d'Histoire Naturelle (MNHN - Paris)		Patrick Boussès	http://collections.mnhn.fr/ipt/archive.do?r=mnhn-zo	bousses@mnhn.fr	http://collections.mnhn.fr/ipt/eml.do?r=mnhn-zo		ba0c03ab-fa61-4a3c-8db7-35c8c3454168	2cd829bb-b713-433d-99cf-64bef11e5b3e			no migrator	ORNIS,VertNet	France	Museum national d'Histoire naturelle	Île-de-France	Tue Nov 25 00:00:00 UTC 2014	http://collections.mnhn.fr/ipt/resource.do?r=mnhn-zo	http://collections.mnhn.fr/ipt/resource.do?r=mnhn-zo	http://coldb.mnhn.fr/catalognumber/mnhn/zo/mo-1880-250									MO-1880-250	Asie			Pays non identifié (Asie)																																																				Indéterminé																	http://coldb.mnhn.fr/catalognumber/mnhn/zo/mo-1880-250											de Souva, J.M.					Indéterminé								avant 1881																		MNHN	ZO			PreservedSpecimen												Eumyias thalassinus thalassinus (Swainson, 1838)																			(Swainson, 1838)					
MNHN	Birds collection (ZO) of the Muséum national d'Histoire Naturelle (MNHN - Paris)		Patrick Boussès	http://collections.mnhn.fr/ipt/archive.do?r=mnhn-zo	bousses@mnhn.fr	http://collections.mnhn.fr/ipt/eml.do?r=mnhn-zo		ba0c03ab-fa61-4a3c-8db7-35c8c3454168	2cd829bb-b713-433d-99cf-64bef11e5b3e			no migrator	ORNIS,VertNet	France	Museum national d'Histoire naturelle	Île-de-France	Tue Nov 25 00:00:00 UTC 2014	http://collections.mnhn.fr/ipt/resource.do?r=mnhn-zo	http://collections.mnhn.fr/ipt/resource.do?r=mnhn-zo	http://coldb.mnhn.fr/catalognumber/mnhn/zo/mo-1888-1876									MO-1888-1876	Europe			France	FR	Bouches-du-Rhône		28	43.61	4.87									1882-4-28																																					Juvénile															4	Saint-Martin-de-Crau	http://coldb.mnhn.fr/catalognumber/mnhn/zo/mo-1888-1876											Anonyme					Indéterminé		Provence-Alpes-Côte-d'Azur												1882												MNHN	ZO			PreservedSpecimen												Lanius meridionalis meridionalis Temminck, 1820																			Temminck, 1820					
MNHN	Birds collection (ZO) of the Muséum national d'Histoire Naturelle (MNHN - Paris)		Patrick Boussès	http://collections.mnhn.fr/ipt/archive.do?r=mnhn-zo	bousses@mnhn.fr	http://collections.mnhn.fr/ipt/eml.do?r=mnhn-zo		ba0c03ab-fa61-4a3c-8db7-35c8c3454168	2cd829bb-b713-433d-99cf-64bef11e5b3e			no migrator	ORNIS,VertNet	France	Museum national d'Histoire naturelle	Île-de-France	Tue Nov 25 00:00:00 UTC 2014	http://collections.mnhn.fr/ipt/resource.do?r=mnhn-zo	http://collections.mnhn.fr/ipt/resource.do?r=mnhn-zo	http://coldb.mnhn.fr/catalognumber/mnhn/zo/mo-1852-126									MO-1852-126	Europe			France	FR	Haute-Savoie			45.93	6.93									1850																																					Indéterminé																Chamonix-Mont-Blanc	http://coldb.mnhn.fr/catalognumber/mnhn/zo/mo-1852-126											Bailly, Jean-Baptiste					Indéterminé		Rhône-Alpes												1850												MNHN	ZO			PreservedSpecimen												Aegolius funereus funereus (Linnaeus, 1758)																			(Linnaeus, 1758)					
MNHN	Birds collection (ZO) of the Muséum national d'Histoire Naturelle (MNHN - Paris)		Patrick Boussès	http://collections.mnhn.fr/ipt/archive.do?r=mnhn-zo	bousses@mnhn.fr	http://collections.mnhn.fr/ipt/eml.do?r=mnhn-zo		ba0c03ab-fa61-4a3c-8db7-35c8c3454168	2cd829bb-b713-433d-99cf-64bef11e5b3e			no migrator	ORNIS,VertNet	France	Museum national d'Histoire naturelle	Île-de-France	Tue Nov 25 00:00:00 UTC 2014	http://collections.mnhn.fr/ipt/resource.do?r=mnhn-zo	http://collections.mnhn.fr/ipt/resource.do?r=mnhn-zo	http://coldb.mnhn.fr/catalognumber/mnhn/zo/mo-1888-1718									MO-1888-1718	Europe			France	FR	Somme		9	50.25	1.62									1875-9-9																																					Adulte					Baie de Somme										9	Le Crotoy	http://coldb.mnhn.fr/catalognumber/mnhn/zo/mo-1888-1718											Anonyme					Femelle		Picardie												1875												MNHN	ZO			PreservedSpecimen												Anthus campestris campestris (Linnaeus, 1758)																			(Linnaeus, 1758)					
MNHN	Birds collection (ZO) of the Muséum national d'Histoire Naturelle (MNHN - Paris)		Patrick Boussès	http://collections.mnhn.fr/ipt/archive.do?r=mnhn-zo	bousses@mnhn.fr	http://collections.mnhn.fr/ipt/eml.do?r=mnhn-zo		ba0c03ab-fa61-4a3c-8db7-35c8c3454168	2cd829bb-b713-433d-99cf-64bef11e5b3e			no migrator	ORNIS,VertNet	France	Museum national d'Histoire naturelle	Île-de-France	Tue Nov 25 00:00:00 UTC 2014	http://collections.mnhn.fr/ipt/resource.do?r=mnhn-zo	http://collections.mnhn.fr/ipt/resource.do?r=mnhn-zo	http://coldb.mnhn.fr/catalognumber/mnhn/zo/mo-1888-1798									MO-1888-1798	Europe			France	FR	Somme		8	50.25	1.62									1869-12-8																																					Adulte					Baie de Somme										12	Le Crotoy	http://coldb.mnhn.fr/catalognumber/mnhn/zo/mo-1888-1798											Anonyme					Mâle		Picardie												1869												MNHN	ZO			PreservedSpecimen												Eremophila alpestris flava (J.F. Gmelin, 1789)																			(J.F. Gmelin, 1789)					
MNHN	Birds collection (ZO) of the Muséum national d'Histoire Naturelle (MNHN - Paris)		Patrick Boussès	http://collections.mnhn.fr/ipt/archive.do?r=mnhn-zo	bousses@mnhn.fr	http://collections.mnhn.fr/ipt/eml.do?r=mnhn-zo		ba0c03ab-fa61-4a3c-8db7-35c8c3454168	2cd829bb-b713-433d-99cf-64bef11e5b3e			no migrator	ORNIS,VertNet	France	Museum national d'Histoire naturelle	Île-de-France	Tue Nov 25 00:00:00 UTC 2014	http://collections.mnhn.fr/ipt/resource.do?r=mnhn-zo	http://collections.mnhn.fr/ipt/resource.do?r=mnhn-zo	http://coldb.mnhn.fr/catalognumber/mnhn/zo/mo-1882-492									MO-1882-492	Asie			Viet Nam	VN																																																			Indéterminé					Cochinchine												http://coldb.mnhn.fr/catalognumber/mnhn/zo/mo-1882-492											Germain, Rodolphe					Mâle								[1862-1867]																		MNHN	ZO			PreservedSpecimen												Eumyias thalassinus thalassinus (Swainson, 1838)																			(Swainson, 1838)					